# section,x,y,w,h,color
mapp,333,63,9,9,Color.WHITE
mapp,0,0,9,9,Color.WHITE
mapp,783,0,9,9,Color.WHITE
mapp,0,477,9,9,Color.WHITE
mapp,783,477,9,9,Color.WHITE
mapp,504,405,9,9,Color.WHITE
mapp,657,162,9,9,Color.WHITE
mapp,648,162,9,9,Color.WHITE
mapp,639,162,9,9,Color.WHITE
mapp,9,0,774,9,Color.WHITE
mapp,0,9,9,468,Color.WHITE
mapp,9,477,774,9,Color.WHITE
mapp,783,9,9,468,Color.WHITE
mapp,18,9,9,9,Color.WHITE
mapp,18,18,9,9,Color.WHITE
mapp,18,27,9,9,Color.WHITE
mapp,18,36,9,9,Color.WHITE
mapp,36,18,9,9,Color.WHITE
mapp,36,27,9,9,Color.WHITE
mapp,36,36,9,9,Color.WHITE
mapp,36,45,9,9,Color.WHITE
mapp,9,54,9,9,Color.WHITE
mapp,27,54,9,9,Color.WHITE
mapp,18,54,9,9,Color.WHITE
mapp,36,54,9,9,Color.WHITE
mapp,54,27,9,9,Color.WHITE
mapp,63,27,9,9,Color.WHITE
mapp,72,27,9,9,Color.WHITE
mapp,72,18,9,9,Color.WHITE
mapp,72,9,9,9,Color.WHITE
mapp,90,18,9,9,Color.WHITE
mapp,90,27,9,9,Color.WHITE
mapp,90,36,9,9,Color.WHITE
mapp,90,45,9,9,Color.WHITE
mapp,81,45,9,9,Color.WHITE
mapp,72,45,9,9,Color.WHITE
mapp,72,54,9,9,Color.WHITE
mapp,63,54,9,9,Color.WHITE
mapp,54,54,9,9,Color.WHITE
mapp,45,54,9,9,Color.WHITE
mapp,18,72,9,9,Color.WHITE
mapp,27,72,9,9,Color.WHITE
mapp,36,72,9,9,Color.WHITE
mapp,45,72,9,9,Color.WHITE
mapp,54,72,9,9,Color.WHITE
mapp,63,72,9,9,Color.WHITE
mapp,72,72,9,9,Color.WHITE
mapp,81,72,9,9,Color.WHITE
mapp,90,72,9,9,Color.WHITE
mapp,90,63,9,9,Color.WHITE
mapp,99,63,9,9,Color.WHITE
mapp,108,63,9,9,Color.WHITE
mapp,108,54,9,9,Color.WHITE
mapp,108,45,9,9,Color.WHITE
mapp,108,36,9,9,Color.WHITE
mapp,108,27,9,9,Color.WHITE
mapp,108,18,9,9,Color.WHITE
mapp,108,9,9,9,Color.WHITE
mapp,126,9,9,9,Color.WHITE
mapp,126,18,9,9,Color.WHITE
mapp,126,27,9,9,Color.WHITE
mapp,126,36,9,9,Color.WHITE
mapp,126,45,9,9,Color.WHITE
mapp,126,54,9,9,Color.WHITE
mapp,126,63,9,9,Color.WHITE
mapp,126,81,9,9,Color.WHITE
mapp,117,81,9,9,Color.WHITE
mapp,108,81,9,9,Color.WHITE
mapp,108,90,9,9,Color.WHITE
mapp,99,90,9,9,Color.WHITE
mapp,90,90,9,9,Color.WHITE
mapp,81,90,9,9,Color.WHITE
mapp,72,90,9,9,Color.WHITE
mapp,63,90,9,9,Color.WHITE
mapp,54,90,9,9,Color.WHITE
mapp,45,90,9,9,Color.WHITE
mapp,36,90,9,9,Color.WHITE
mapp,27,90,9,9,Color.WHITE
mapp,18,90,9,9,Color.WHITE
mapp,9,90,9,9,Color.WHITE
mapp,135,18,9,9,Color.WHITE
mapp,135,27,9,9,Color.WHITE
mapp,144,27,9,9,Color.WHITE
mapp,144,36,9,9,Color.WHITE
mapp,153,36,9,9,Color.WHITE
mapp,171,36,9,9,Color.WHITE
mapp,180,36,9,9,Color.WHITE
mapp,180,27,9,9,Color.WHITE
mapp,189,27,9,9,Color.WHITE
mapp,189,18,9,9,Color.WHITE
mapp,198,18,9,9,Color.WHITE
mapp,198,9,9,9,Color.WHITE
mapp,135,81,9,9,Color.WHITE
mapp,144,81,9,9,Color.WHITE
mapp,144,72,9,9,Color.WHITE
mapp,153,72,9,9,Color.WHITE
mapp,153,63,9,9,Color.WHITE
mapp,171,63,9,9,Color.WHITE
mapp,171,72,9,9,Color.WHITE
mapp,180,72,9,9,Color.WHITE
mapp,180,81,9,9,Color.WHITE
mapp,189,81,9,9,Color.WHITE
mapp,18,108,9,9,Color.WHITE
mapp,18,117,9,9,Color.WHITE
mapp,18,126,9,9,Color.WHITE
mapp,18,135,9,9,Color.WHITE
mapp,18,144,9,9,Color.WHITE
mapp,18,153,9,9,Color.WHITE
mapp,27,153,9,9,Color.WHITE
mapp,36,153,9,9,Color.WHITE
mapp,36,144,9,9,Color.WHITE
mapp,36,135,9,9,Color.WHITE
mapp,45,144,9,9,Color.WHITE
mapp,54,144,9,9,Color.WHITE
mapp,36,126,9,9,Color.WHITE
mapp,54,126,9,9,Color.WHITE
mapp,54,117,9,9,Color.WHITE
mapp,54,108,9,9,Color.WHITE
mapp,45,108,9,9,Color.WHITE
mapp,36,108,9,9,Color.WHITE
mapp,27,108,9,9,Color.WHITE
mapp,63,108,9,9,Color.WHITE
mapp,72,108,9,9,Color.WHITE
mapp,81,108,9,9,Color.WHITE
mapp,90,108,9,9,Color.WHITE
mapp,90,117,9,9,Color.WHITE
mapp,90,126,9,9,Color.WHITE
mapp,99,126,9,9,Color.WHITE
mapp,99,108,9,9,Color.WHITE
mapp,108,108,9,9,Color.WHITE
mapp,117,108,9,9,Color.WHITE
mapp,126,108,9,9,Color.WHITE
mapp,126,126,9,9,Color.WHITE
mapp,126,117,9,9,Color.WHITE
mapp,126,135,9,9,Color.WHITE
mapp,117,126,9,9,Color.WHITE
mapp,126,144,9,9,Color.WHITE
mapp,117,144,9,9,Color.WHITE
mapp,108,144,9,9,Color.WHITE
mapp,99,144,9,9,Color.WHITE
mapp,90,144,9,9,Color.WHITE
mapp,72,126,9,9,Color.WHITE
mapp,72,144,9,9,Color.WHITE
mapp,72,135,9,9,Color.WHITE
mapp,72,153,9,9,Color.WHITE
mapp,72,162,9,9,Color.WHITE
mapp,63,162,9,9,Color.WHITE
mapp,54,162,9,9,Color.WHITE
mapp,72,171,9,9,Color.WHITE
mapp,72,180,9,9,Color.WHITE
mapp,72,189,9,9,Color.WHITE
mapp,54,180,9,9,Color.WHITE
mapp,45,180,9,9,Color.WHITE
mapp,36,180,9,9,Color.WHITE
mapp,36,171,9,9,Color.WHITE
mapp,36,189,9,9,Color.WHITE
mapp,36,198,9,9,Color.WHITE
mapp,18,162,9,9,Color.WHITE
mapp,18,171,9,9,Color.WHITE
mapp,18,180,9,9,Color.WHITE
mapp,18,189,9,9,Color.WHITE
mapp,18,198,9,9,Color.WHITE
mapp,18,207,9,9,Color.WHITE
mapp,27,207,9,9,Color.WHITE
mapp,36,207,9,9,Color.WHITE
mapp,45,207,9,9,Color.WHITE
mapp,54,207,9,9,Color.WHITE
mapp,54,198,9,9,Color.WHITE
mapp,63,207,9,9,Color.WHITE
mapp,72,207,9,9,Color.WHITE
mapp,90,162,9,9,Color.WHITE
mapp,90,171,9,9,Color.WHITE
mapp,108,162,9,9,Color.WHITE
mapp,117,162,9,9,Color.WHITE
mapp,135,162,9,9,Color.WHITE
mapp,144,162,9,9,Color.WHITE
mapp,162,162,9,9,Color.WHITE
mapp,171,162,9,9,Color.WHITE
mapp,171,180,9,9,Color.WHITE
mapp,171,189,9,9,Color.WHITE
mapp,171,207,9,9,Color.WHITE
mapp,171,216,9,9,Color.WHITE
mapp,108,180,9,9,Color.WHITE
mapp,126,180,9,9,Color.WHITE
mapp,135,180,9,9,Color.WHITE
mapp,153,180,9,9,Color.WHITE
mapp,153,189,9,9,Color.WHITE
mapp,90,189,9,9,Color.WHITE
mapp,90,198,9,9,Color.WHITE
mapp,108,198,9,9,Color.WHITE
mapp,108,207,9,9,Color.WHITE
mapp,90,225,9,9,Color.WHITE
mapp,90,216,9,9,Color.WHITE
mapp,108,225,9,9,Color.WHITE
mapp,108,234,9,9,Color.WHITE
mapp,126,198,9,9,Color.WHITE
mapp,126,207,9,9,Color.WHITE
mapp,135,216,9,9,Color.WHITE
mapp,135,225,9,9,Color.WHITE
mapp,135,243,9,9,Color.WHITE
mapp,126,243,9,9,Color.WHITE
mapp,90,243,9,9,Color.WHITE
mapp,90,252,9,9,Color.WHITE
mapp,90,270,9,9,Color.WHITE
mapp,90,279,9,9,Color.WHITE
mapp,108,279,9,9,Color.WHITE
mapp,117,279,9,9,Color.WHITE
mapp,108,261,9,9,Color.WHITE
mapp,117,261,9,9,Color.WHITE
mapp,153,243,9,9,Color.WHITE
mapp,153,234,9,9,Color.WHITE
mapp,153,216,9,9,Color.WHITE
mapp,153,207,9,9,Color.WHITE
mapp,171,234,9,9,Color.WHITE
mapp,171,243,9,9,Color.WHITE
mapp,72,216,9,9,Color.WHITE
mapp,72,225,9,9,Color.WHITE
mapp,72,234,9,9,Color.WHITE
mapp,72,243,9,9,Color.WHITE
mapp,72,252,9,9,Color.WHITE
mapp,72,261,9,9,Color.WHITE
mapp,72,270,9,9,Color.WHITE
mapp,63,270,9,9,Color.WHITE
mapp,54,270,9,9,Color.WHITE
mapp,45,270,9,9,Color.WHITE
mapp,36,270,9,9,Color.WHITE
mapp,36,261,9,9,Color.WHITE
mapp,36,252,9,9,Color.WHITE
mapp,36,243,9,9,Color.WHITE
mapp,36,234,9,9,Color.WHITE
mapp,36,225,9,9,Color.WHITE
mapp,45,225,9,9,Color.WHITE
mapp,54,225,9,9,Color.WHITE
mapp,54,234,9,9,Color.WHITE
mapp,54,243,9,9,Color.WHITE
mapp,54,252,9,9,Color.WHITE
mapp,18,216,9,9,Color.WHITE
mapp,18,225,9,9,Color.WHITE
mapp,18,234,9,9,Color.WHITE
mapp,18,243,9,9,Color.WHITE
mapp,18,252,9,9,Color.WHITE
mapp,18,261,9,9,Color.WHITE
mapp,18,270,9,9,Color.WHITE
mapp,18,279,9,9,Color.WHITE
mapp,27,297,9,9,Color.WHITE
mapp,45,297,9,9,Color.WHITE
mapp,36,297,9,9,Color.WHITE
mapp,54,297,9,9,Color.WHITE
mapp,63,297,9,9,Color.WHITE
mapp,72,297,9,9,Color.WHITE
mapp,27,306,9,9,Color.WHITE
mapp,27,315,9,9,Color.WHITE
mapp,36,315,9,9,Color.WHITE
mapp,72,306,9,9,Color.WHITE
mapp,72,315,9,9,Color.WHITE
mapp,54,315,9,9,Color.WHITE
mapp,54,324,9,9,Color.WHITE
mapp,54,333,9,9,Color.WHITE
mapp,81,297,9,9,Color.WHITE
mapp,90,297,9,9,Color.WHITE
mapp,99,297,9,9,Color.WHITE
mapp,108,297,9,9,Color.WHITE
mapp,117,297,9,9,Color.WHITE
mapp,117,306,9,9,Color.WHITE
mapp,117,315,9,9,Color.WHITE
mapp,108,315,9,9,Color.WHITE
mapp,108,333,9,9,Color.WHITE
mapp,117,333,9,9,Color.WHITE
mapp,117,342,9,9,Color.WHITE
mapp,117,351,9,9,Color.WHITE
mapp,117,360,9,9,Color.WHITE
mapp,108,360,9,9,Color.WHITE
mapp,99,360,9,9,Color.WHITE
mapp,90,315,9,9,Color.WHITE
mapp,90,324,9,9,Color.WHITE
mapp,90,333,9,9,Color.WHITE
mapp,90,360,9,9,Color.WHITE
mapp,81,360,9,9,Color.WHITE
mapp,63,360,9,9,Color.WHITE
mapp,54,360,9,9,Color.WHITE
mapp,45,360,9,9,Color.WHITE
mapp,36,360,9,9,Color.WHITE
mapp,27,360,9,9,Color.WHITE
mapp,27,351,9,9,Color.WHITE
mapp,27,342,9,9,Color.WHITE
mapp,27,333,9,9,Color.WHITE
mapp,36,333,9,9,Color.WHITE
mapp,27,387,9,9,Color.WHITE
mapp,36,387,9,9,Color.WHITE
mapp,54,387,9,9,Color.WHITE
mapp,63,414,9,9,Color.WHITE
mapp,36,414,9,9,Color.WHITE
mapp,27,441,9,9,Color.WHITE
mapp,36,441,9,9,Color.WHITE
mapp,63,459,9,9,Color.WHITE
mapp,63,432,9,9,Color.WHITE
mapp,9,378,9,9,Color.WHITE
mapp,18,378,9,9,Color.WHITE
mapp,36,378,9,9,Color.WHITE
mapp,45,378,9,9,Color.WHITE
mapp,54,387,9,9,Color.WHITE
mapp,27,396,9,9,Color.WHITE
mapp,45,405,9,9,Color.WHITE
mapp,54,405,9,9,Color.WHITE
mapp,18,405,9,9,Color.WHITE
mapp,54,423,9,9,Color.WHITE
mapp,54,450,9,9,Color.WHITE
mapp,36,432,9,9,Color.WHITE
mapp,18,432,9,9,Color.WHITE
mapp,9,432,9,9,Color.WHITE
mapp,27,423,9,9,Color.WHITE
mapp,27,450,9,9,Color.WHITE
mapp,18,459,9,9,Color.WHITE
mapp,27,378,9,9,Color.WHITE
mapp,54,378,9,9,Color.WHITE
mapp,63,378,9,9,Color.WHITE
mapp,90,378,9,9,Color.WHITE
mapp,63,405,9,9,Color.WHITE
mapp,54,414,9,9,Color.WHITE
mapp,36,405,9,9,Color.WHITE
mapp,27,405,9,9,Color.WHITE
mapp,27,432,9,9,Color.WHITE
mapp,54,441,9,9,Color.WHITE
mapp,54,432,9,9,Color.WHITE
mapp,63,468,9,9,Color.WHITE
mapp,54,468,9,9,Color.WHITE
mapp,36,468,9,9,Color.WHITE
mapp,36,459,9,9,Color.WHITE
mapp,27,459,9,9,Color.WHITE
mapp,90,387,9,9,Color.WHITE
mapp,90,396,9,9,Color.WHITE
mapp,90,414,9,9,Color.WHITE
mapp,90,405,9,9,Color.WHITE
mapp,81,468,9,9,Color.WHITE
mapp,81,459,9,9,Color.WHITE
mapp,90,450,9,9,Color.WHITE
mapp,81,450,9,9,Color.WHITE
mapp,99,450,9,9,Color.WHITE
mapp,108,450,9,9,Color.WHITE
mapp,99,468,9,9,Color.WHITE
mapp,90,432,9,9,Color.WHITE
mapp,99,432,9,9,Color.WHITE
mapp,108,432,9,9,Color.WHITE
mapp,117,432,9,9,Color.WHITE
mapp,126,432,9,9,Color.WHITE
mapp,126,441,9,9,Color.WHITE
mapp,126,450,9,9,Color.WHITE
mapp,108,396,9,9,Color.WHITE
mapp,108,405,9,9,Color.WHITE
mapp,108,414,9,9,Color.WHITE
mapp,117,414,9,9,Color.WHITE
mapp,135,414,9,9,Color.WHITE
mapp,126,414,9,9,Color.WHITE
mapp,144,414,9,9,Color.WHITE
mapp,144,423,9,9,Color.WHITE
mapp,144,432,9,9,Color.WHITE
mapp,153,432,9,9,Color.WHITE
mapp,162,432,9,9,Color.WHITE
mapp,171,432,9,9,Color.WHITE
mapp,180,432,9,9,Color.WHITE
mapp,135,450,9,9,Color.WHITE
mapp,144,450,9,9,Color.WHITE
mapp,153,450,9,9,Color.WHITE
mapp,162,450,9,9,Color.WHITE
mapp,171,450,9,9,Color.WHITE
mapp,180,450,9,9,Color.WHITE
mapp,189,450,9,9,Color.WHITE
mapp,198,450,9,9,Color.WHITE
mapp,198,441,9,9,Color.WHITE
mapp,198,432,9,9,Color.WHITE
mapp,198,423,9,9,Color.WHITE
mapp,198,414,9,9,Color.WHITE
mapp,207,414,9,9,Color.WHITE
mapp,162,414,9,9,Color.WHITE
mapp,171,414,9,9,Color.WHITE
mapp,180,414,9,9,Color.WHITE
mapp,180,396,9,9,Color.WHITE
mapp,171,396,9,9,Color.WHITE
mapp,162,396,9,9,Color.WHITE
mapp,153,396,9,9,Color.WHITE
mapp,144,396,9,9,Color.WHITE
mapp,135,396,9,9,Color.WHITE
mapp,126,396,9,9,Color.WHITE
mapp,99,378,9,9,Color.WHITE
mapp,108,378,9,9,Color.WHITE
mapp,117,378,9,9,Color.WHITE
mapp,126,378,9,9,Color.WHITE
mapp,135,378,9,9,Color.WHITE
mapp,144,378,9,9,Color.WHITE
mapp,153,378,9,9,Color.WHITE
mapp,162,378,9,9,Color.WHITE
mapp,171,378,9,9,Color.WHITE
mapp,180,378,9,9,Color.WHITE
mapp,198,378,9,9,Color.WHITE
mapp,207,378,9,9,Color.WHITE
mapp,216,378,9,9,Color.WHITE
mapp,225,378,9,9,Color.WHITE
mapp,234,378,9,9,Color.WHITE
mapp,243,378,9,9,Color.WHITE
mapp,198,396,9,9,Color.WHITE
mapp,207,396,9,9,Color.WHITE
mapp,216,396,9,9,Color.WHITE
mapp,225,396,9,9,Color.WHITE
mapp,207,9,9,9,Color.WHITE
mapp,135,270,9,9,Color.WHITE
mapp,144,270,9,9,Color.WHITE
mapp,153,270,9,9,Color.WHITE
mapp,162,270,9,9,Color.WHITE
mapp,135,279,9,9,Color.WHITE
mapp,135,288,9,9,Color.WHITE
mapp,135,297,9,9,Color.WHITE
mapp,135,306,9,9,Color.WHITE
mapp,144,306,9,9,Color.WHITE
mapp,153,306,9,9,Color.WHITE
mapp,162,306,9,9,Color.WHITE
mapp,162,297,9,9,Color.WHITE
mapp,162,288,9,9,Color.WHITE
mapp,153,288,9,9,Color.WHITE
mapp,180,270,9,9,Color.WHITE
mapp,189,270,9,9,Color.WHITE
mapp,198,270,9,9,Color.WHITE
mapp,207,270,9,9,Color.WHITE
mapp,207,279,9,9,Color.WHITE
mapp,207,288,9,9,Color.WHITE
mapp,207,297,9,9,Color.WHITE
mapp,207,306,9,9,Color.WHITE
mapp,198,306,9,9,Color.WHITE
mapp,189,306,9,9,Color.WHITE
mapp,180,306,9,9,Color.WHITE
mapp,180,297,9,9,Color.WHITE
mapp,180,288,9,9,Color.WHITE
mapp,189,288,9,9,Color.WHITE
mapp,135,324,9,9,Color.WHITE
mapp,144,324,9,9,Color.WHITE
mapp,153,324,9,9,Color.WHITE
mapp,162,324,9,9,Color.WHITE
mapp,180,324,9,9,Color.WHITE
mapp,189,324,9,9,Color.WHITE
mapp,198,324,9,9,Color.WHITE
mapp,207,324,9,9,Color.WHITE
mapp,162,333,9,9,Color.WHITE
mapp,162,342,9,9,Color.WHITE
mapp,153,342,9,9,Color.WHITE
mapp,180,333,9,9,Color.WHITE
mapp,180,342,9,9,Color.WHITE
mapp,189,342,9,9,Color.WHITE
mapp,207,333,9,9,Color.WHITE
mapp,207,342,9,9,Color.WHITE
mapp,207,351,9,9,Color.WHITE
mapp,207,360,9,9,Color.WHITE
mapp,198,360,9,9,Color.WHITE
mapp,189,360,9,9,Color.WHITE
mapp,180,360,9,9,Color.WHITE
mapp,135,333,9,9,Color.WHITE
mapp,135,342,9,9,Color.WHITE
mapp,135,351,9,9,Color.WHITE
mapp,135,360,9,9,Color.WHITE
mapp,144,360,9,9,Color.WHITE
mapp,153,360,9,9,Color.WHITE
mapp,162,360,9,9,Color.WHITE
mapp,72,333,9,9,Color.WHITE
mapp,72,342,9,9,Color.WHITE
mapp,225,360,9,9,Color.WHITE
mapp,225,351,9,9,Color.WHITE
mapp,225,342,9,9,Color.WHITE
mapp,225,333,9,9,Color.WHITE
mapp,225,315,9,9,Color.WHITE
mapp,225,324,9,9,Color.WHITE
mapp,225,306,9,9,Color.WHITE
mapp,225,297,9,9,Color.WHITE
mapp,225,288,9,9,Color.WHITE
mapp,225,279,9,9,Color.WHITE
mapp,225,270,9,9,Color.WHITE
mapp,225,252,9,9,Color.WHITE
mapp,225,261,9,9,Color.WHITE
mapp,225,243,9,9,Color.WHITE
mapp,234,243,9,9,Color.WHITE
mapp,243,243,9,9,Color.WHITE
mapp,243,234,9,9,Color.WHITE
mapp,243,225,9,9,Color.WHITE
mapp,243,216,9,9,Color.WHITE
mapp,243,207,9,9,Color.WHITE
mapp,234,207,9,9,Color.WHITE
mapp,225,207,9,9,Color.WHITE
mapp,216,207,9,9,Color.WHITE
mapp,216,198,9,9,Color.WHITE
mapp,207,198,9,9,Color.WHITE
mapp,216,243,9,9,Color.WHITE
mapp,207,243,9,9,Color.WHITE
mapp,198,243,9,9,Color.WHITE
mapp,189,243,9,9,Color.WHITE
mapp,189,234,9,9,Color.WHITE
mapp,189,225,9,9,Color.WHITE
mapp,189,216,9,9,Color.WHITE
mapp,189,207,9,9,Color.WHITE
mapp,189,198,9,9,Color.WHITE
mapp,216,225,9,9,Color.WHITE
mapp,189,189,9,9,Color.WHITE
mapp,189,180,9,9,Color.WHITE
mapp,198,180,9,9,Color.WHITE
mapp,207,180,9,9,Color.WHITE
mapp,216,180,9,9,Color.WHITE
mapp,234,189,9,9,Color.WHITE
mapp,243,189,9,9,Color.WHITE
mapp,243,180,9,9,Color.WHITE
mapp,234,171,9,9,Color.WHITE
mapp,243,171,9,9,Color.WHITE
mapp,252,171,9,9,Color.WHITE
mapp,234,153,9,9,Color.WHITE
mapp,234,144,9,9,Color.WHITE
mapp,189,171,9,9,Color.WHITE
mapp,189,162,9,9,Color.WHITE
mapp,189,153,9,9,Color.WHITE
mapp,189,144,9,9,Color.WHITE
mapp,198,144,9,9,Color.WHITE
mapp,207,144,9,9,Color.WHITE
mapp,216,144,9,9,Color.WHITE
mapp,225,144,9,9,Color.WHITE
mapp,216,153,9,9,Color.WHITE
mapp,216,162,9,9,Color.WHITE
mapp,216,135,9,9,Color.WHITE
mapp,216,126,9,9,Color.WHITE
mapp,216,117,9,9,Color.WHITE
mapp,234,135,9,9,Color.WHITE
mapp,234,126,9,9,Color.WHITE
mapp,234,117,9,9,Color.WHITE
mapp,243,144,9,9,Color.WHITE
mapp,252,144,9,9,Color.WHITE
mapp,261,144,9,9,Color.WHITE
mapp,261,153,9,9,Color.WHITE
mapp,270,144,9,9,Color.WHITE
mapp,279,144,9,9,Color.WHITE
mapp,279,153,9,9,Color.WHITE
mapp,279,162,9,9,Color.WHITE
mapp,279,171,9,9,Color.WHITE
mapp,279,180,9,9,Color.WHITE
mapp,270,171,9,9,Color.WHITE
mapp,279,189,9,9,Color.WHITE
mapp,270,189,9,9,Color.WHITE
mapp,261,189,9,9,Color.WHITE
mapp,279,198,9,9,Color.WHITE
mapp,279,207,9,9,Color.WHITE
mapp,270,207,9,9,Color.WHITE
mapp,261,207,9,9,Color.WHITE
mapp,189,135,9,9,Color.WHITE
mapp,189,126,9,9,Color.WHITE
mapp,198,126,9,9,Color.WHITE
mapp,189,117,9,9,Color.WHITE
mapp,189,108,9,9,Color.WHITE
mapp,189,99,9,9,Color.WHITE
mapp,198,99,9,9,Color.WHITE
mapp,207,99,9,9,Color.WHITE
mapp,189,90,9,9,Color.WHITE
mapp,198,81,9,9,Color.WHITE
mapp,207,81,9,9,Color.WHITE
mapp,225,99,9,9,Color.WHITE
mapp,234,99,9,9,Color.WHITE
mapp,216,81,9,9,Color.WHITE
mapp,225,81,9,9,Color.WHITE
mapp,234,81,9,9,Color.WHITE
mapp,243,81,9,9,Color.WHITE
mapp,261,81,9,9,Color.WHITE
mapp,261,99,9,9,Color.WHITE
mapp,252,99,9,9,Color.WHITE
mapp,252,81,9,9,Color.WHITE
mapp,234,63,9,9,Color.WHITE
mapp,234,54,9,9,Color.WHITE
mapp,234,45,9,9,Color.WHITE
mapp,234,36,9,9,Color.WHITE
mapp,243,36,9,9,Color.WHITE
mapp,243,27,9,9,Color.WHITE
mapp,252,27,9,9,Color.WHITE
mapp,252,18,9,9,Color.WHITE
mapp,261,18,9,9,Color.WHITE
mapp,261,9,9,9,Color.WHITE
mapp,270,9,9,9,Color.WHITE
mapp,252,117,9,9,Color.WHITE
mapp,252,126,9,9,Color.WHITE
mapp,252,135,9,9,Color.WHITE
mapp,252,72,9,9,Color.WHITE
mapp,252,63,9,9,Color.WHITE
mapp,252,54,9,9,Color.WHITE
mapp,261,54,9,9,Color.WHITE
mapp,261,45,9,9,Color.WHITE
mapp,270,45,9,9,Color.WHITE
mapp,270,36,9,9,Color.WHITE
mapp,279,36,9,9,Color.WHITE
mapp,279,27,9,9,Color.WHITE
mapp,288,27,9,9,Color.WHITE
mapp,288,18,9,9,Color.WHITE
mapp,297,18,9,9,Color.WHITE
mapp,297,9,9,9,Color.WHITE
mapp,306,18,9,9,Color.WHITE
mapp,306,27,9,9,Color.WHITE
mapp,315,27,9,9,Color.WHITE
mapp,315,36,9,9,Color.WHITE
mapp,324,36,9,9,Color.WHITE
mapp,324,45,9,9,Color.WHITE
mapp,333,45,9,9,Color.WHITE
mapp,333,54,9,9,Color.WHITE
mapp,297,45,9,9,Color.WHITE
mapp,297,54,9,9,Color.WHITE
mapp,288,54,9,9,Color.WHITE
mapp,306,54,9,9,Color.WHITE
mapp,306,63,9,9,Color.WHITE
mapp,315,63,9,9,Color.WHITE
mapp,288,63,9,9,Color.WHITE
mapp,279,63,9,9,Color.WHITE
mapp,270,81,9,9,Color.WHITE
mapp,279,81,9,9,Color.WHITE
mapp,288,81,9,9,Color.WHITE
mapp,297,81,9,9,Color.WHITE
mapp,306,81,9,9,Color.WHITE
mapp,315,81,9,9,Color.WHITE
mapp,315,72,9,9,Color.WHITE
mapp,342,54,9,9,Color.WHITE
mapp,342,63,9,9,Color.WHITE
mapp,342,81,9,9,Color.WHITE
mapp,333,81,9,9,Color.WHITE
mapp,351,81,9,9,Color.WHITE
mapp,333,99,9,9,Color.WHITE
mapp,351,90,9,9,Color.WHITE
mapp,351,99,9,9,Color.WHITE
mapp,351,108,9,9,Color.WHITE
mapp,270,99,9,9,Color.WHITE
mapp,270,108,9,9,Color.WHITE
mapp,270,117,9,9,Color.WHITE
mapp,279,99,9,9,Color.WHITE
mapp,288,99,9,9,Color.WHITE
mapp,297,90,9,9,Color.WHITE
mapp,297,99,9,9,Color.WHITE
mapp,306,99,9,9,Color.WHITE
mapp,315,99,9,9,Color.WHITE
mapp,315,117,9,9,Color.WHITE
mapp,306,117,9,9,Color.WHITE
mapp,297,117,9,9,Color.WHITE
mapp,297,126,9,9,Color.WHITE
mapp,297,135,9,9,Color.WHITE
mapp,306,135,9,9,Color.WHITE
mapp,324,135,9,9,Color.WHITE
mapp,315,135,9,9,Color.WHITE
mapp,333,135,9,9,Color.WHITE
mapp,333,117,9,9,Color.WHITE
mapp,333,126,9,9,Color.WHITE
mapp,342,135,9,9,Color.WHITE
mapp,351,135,9,9,Color.WHITE
mapp,351,126,9,9,Color.WHITE
mapp,270,243,9,9,Color.WHITE
mapp,243,261,9,9,Color.WHITE
mapp,243,270,9,9,Color.WHITE
mapp,243,279,9,9,Color.WHITE
mapp,243,288,9,9,Color.WHITE
mapp,243,297,9,9,Color.WHITE
mapp,243,306,9,9,Color.WHITE
mapp,243,315,9,9,Color.WHITE
mapp,234,360,9,9,Color.WHITE
mapp,243,360,9,9,Color.WHITE
mapp,252,360,9,9,Color.WHITE
mapp,261,360,9,9,Color.WHITE
mapp,261,369,9,9,Color.WHITE
mapp,261,378,9,9,Color.WHITE
mapp,261,387,9,9,Color.WHITE
mapp,270,387,9,9,Color.WHITE
mapp,279,387,9,9,Color.WHITE
mapp,288,387,9,9,Color.WHITE
mapp,288,405,9,9,Color.WHITE
mapp,279,405,9,9,Color.WHITE
mapp,270,405,9,9,Color.WHITE
mapp,261,405,9,9,Color.WHITE
mapp,252,405,9,9,Color.WHITE
mapp,243,405,9,9,Color.WHITE
mapp,243,414,9,9,Color.WHITE
mapp,243,423,9,9,Color.WHITE
mapp,243,432,9,9,Color.WHITE
mapp,243,441,9,9,Color.WHITE
mapp,243,450,9,9,Color.WHITE
mapp,252,450,9,9,Color.WHITE
mapp,261,450,9,9,Color.WHITE
mapp,270,450,9,9,Color.WHITE
mapp,279,450,9,9,Color.WHITE
mapp,288,450,9,9,Color.WHITE
mapp,288,414,9,9,Color.WHITE
mapp,288,423,9,9,Color.WHITE
mapp,288,432,9,9,Color.WHITE
mapp,288,441,9,9,Color.WHITE
mapp,279,432,9,9,Color.WHITE
mapp,261,441,9,9,Color.WHITE
mapp,261,432,9,9,Color.WHITE
mapp,261,414,9,9,Color.WHITE
mapp,288,378,9,9,Color.WHITE
mapp,288,369,9,9,Color.WHITE
mapp,288,360,9,9,Color.WHITE
mapp,270,360,9,9,Color.WHITE
mapp,288,351,9,9,Color.WHITE
mapp,288,342,9,9,Color.WHITE
mapp,279,342,9,9,Color.WHITE
mapp,270,342,9,9,Color.WHITE
mapp,243,324,9,9,Color.WHITE
mapp,243,333,9,9,Color.WHITE
mapp,243,342,9,9,Color.WHITE
mapp,252,342,9,9,Color.WHITE
mapp,261,342,9,9,Color.WHITE
mapp,270,333,9,9,Color.WHITE
mapp,270,324,9,9,Color.WHITE
mapp,270,315,9,9,Color.WHITE
mapp,270,306,9,9,Color.WHITE
mapp,270,297,9,9,Color.WHITE
mapp,270,288,9,9,Color.WHITE
mapp,270,279,9,9,Color.WHITE
mapp,270,270,9,9,Color.WHITE
mapp,270,261,9,9,Color.WHITE
mapp,270,252,9,9,Color.WHITE
mapp,333,18,9,9,Color.WHITE
mapp,342,18,9,9,Color.WHITE
mapp,342,27,9,9,Color.WHITE
mapp,351,27,9,9,Color.WHITE
mapp,351,36,9,9,Color.WHITE
mapp,360,36,9,9,Color.WHITE
mapp,360,45,9,9,Color.WHITE
mapp,360,54,9,9,Color.WHITE
mapp,360,63,9,9,Color.WHITE
mapp,369,36,9,9,Color.WHITE
mapp,378,36,9,9,Color.WHITE
mapp,387,36,9,9,Color.WHITE
mapp,387,45,9,9,Color.WHITE
mapp,387,54,9,9,Color.WHITE
mapp,387,63,9,9,Color.WHITE
mapp,396,36,9,9,Color.WHITE
mapp,405,36,9,9,Color.WHITE
mapp,414,36,9,9,Color.WHITE
mapp,414,45,9,9,Color.WHITE
mapp,414,54,9,9,Color.WHITE
mapp,414,63,9,9,Color.WHITE
mapp,423,36,9,9,Color.WHITE
mapp,432,36,9,9,Color.WHITE
mapp,441,36,9,9,Color.WHITE
mapp,441,45,9,9,Color.WHITE
mapp,441,54,9,9,Color.WHITE
mapp,441,63,9,9,Color.WHITE
mapp,450,36,9,9,Color.WHITE
mapp,459,36,9,9,Color.WHITE
mapp,468,36,9,9,Color.WHITE
mapp,468,45,9,9,Color.WHITE
mapp,468,54,9,9,Color.WHITE
mapp,468,63,9,9,Color.WHITE
mapp,378,9,9,9,Color.WHITE
mapp,378,18,9,9,Color.WHITE
mapp,396,27,9,9,Color.WHITE
mapp,396,18,9,9,Color.WHITE
mapp,414,9,9,9,Color.WHITE
mapp,414,18,9,9,Color.WHITE
mapp,432,27,9,9,Color.WHITE
mapp,432,18,9,9,Color.WHITE
mapp,450,9,9,9,Color.WHITE
mapp,450,18,9,9,Color.WHITE
mapp,468,27,9,9,Color.WHITE
mapp,468,18,9,9,Color.WHITE
mapp,486,9,9,9,Color.WHITE
mapp,486,18,9,9,Color.WHITE
mapp,486,27,9,9,Color.WHITE
mapp,486,36,9,9,Color.WHITE
mapp,486,45,9,9,Color.WHITE
mapp,486,54,9,9,Color.WHITE
mapp,486,63,9,9,Color.WHITE
mapp,486,81,9,9,Color.WHITE
mapp,477,81,9,9,Color.WHITE
mapp,468,81,9,9,Color.WHITE
mapp,459,81,9,9,Color.WHITE
mapp,450,81,9,9,Color.WHITE
mapp,441,81,9,9,Color.WHITE
mapp,441,90,9,9,Color.WHITE
mapp,441,99,9,9,Color.WHITE
mapp,441,108,9,9,Color.WHITE
mapp,459,90,9,9,Color.WHITE
mapp,468,108,9,9,Color.WHITE
mapp,459,108,9,9,Color.WHITE
mapp,477,108,9,9,Color.WHITE
mapp,486,108,9,9,Color.WHITE
mapp,486,99,9,9,Color.WHITE
mapp,495,108,9,9,Color.WHITE
mapp,504,108,9,9,Color.WHITE
mapp,513,108,9,9,Color.WHITE
mapp,495,81,9,9,Color.WHITE
mapp,504,81,9,9,Color.WHITE
mapp,513,81,9,9,Color.WHITE
mapp,513,90,9,9,Color.WHITE
mapp,522,81,9,9,Color.WHITE
mapp,531,81,9,9,Color.WHITE
mapp,531,90,9,9,Color.WHITE
mapp,531,99,9,9,Color.WHITE
mapp,531,108,9,9,Color.WHITE
mapp,513,117,9,9,Color.WHITE
mapp,513,126,9,9,Color.WHITE
mapp,531,117,9,9,Color.WHITE
mapp,531,126,9,9,Color.WHITE
mapp,531,135,9,9,Color.WHITE
mapp,522,135,9,9,Color.WHITE
mapp,513,135,9,9,Color.WHITE
mapp,495,117,9,9,Color.WHITE
mapp,495,126,9,9,Color.WHITE
mapp,495,144,9,9,Color.WHITE
mapp,495,153,9,9,Color.WHITE
mapp,369,90,9,9,Color.WHITE
mapp,378,90,9,9,Color.WHITE
mapp,387,90,9,9,Color.WHITE
mapp,387,108,9,9,Color.WHITE
mapp,369,99,9,9,Color.WHITE
mapp,369,108,9,9,Color.WHITE
mapp,369,117,9,9,Color.WHITE
mapp,369,126,9,9,Color.WHITE
mapp,378,126,9,9,Color.WHITE
mapp,387,126,9,9,Color.WHITE
mapp,396,126,9,9,Color.WHITE
mapp,405,126,9,9,Color.WHITE
mapp,405,117,9,9,Color.WHITE
mapp,405,108,9,9,Color.WHITE
mapp,396,90,9,9,Color.WHITE
mapp,414,90,9,9,Color.WHITE
mapp,405,90,9,9,Color.WHITE
mapp,423,90,9,9,Color.WHITE
mapp,423,99,9,9,Color.WHITE
mapp,423,108,9,9,Color.WHITE
mapp,423,117,9,9,Color.WHITE
mapp,423,126,9,9,Color.WHITE
mapp,423,135,9,9,Color.WHITE
mapp,504,54,9,9,Color.WHITE
mapp,504,63,9,9,Color.WHITE
mapp,504,45,9,9,Color.WHITE
mapp,504,36,9,9,Color.WHITE
mapp,504,27,9,9,Color.WHITE
mapp,504,18,9,9,Color.WHITE
mapp,504,9,9,9,Color.WHITE
mapp,522,72,9,9,Color.WHITE
mapp,504,72,9,9,Color.WHITE
mapp,522,63,9,9,Color.WHITE
mapp,522,54,9,9,Color.WHITE
mapp,531,54,9,9,Color.WHITE
mapp,531,45,9,9,Color.WHITE
mapp,531,36,9,9,Color.WHITE
mapp,531,27,9,9,Color.WHITE
mapp,531,18,9,9,Color.WHITE
mapp,540,18,9,9,Color.WHITE
mapp,549,18,9,9,Color.WHITE
mapp,567,18,9,9,Color.WHITE
mapp,558,18,9,9,Color.WHITE
mapp,567,27,9,9,Color.WHITE
mapp,567,36,9,9,Color.WHITE
mapp,558,36,9,9,Color.WHITE
mapp,549,36,9,9,Color.WHITE
mapp,540,54,9,9,Color.WHITE
mapp,549,54,9,9,Color.WHITE
mapp,558,54,9,9,Color.WHITE
mapp,558,63,9,9,Color.WHITE
mapp,558,72,9,9,Color.WHITE
mapp,558,81,9,9,Color.WHITE
mapp,558,90,9,9,Color.WHITE
mapp,549,90,9,9,Color.WHITE
mapp,567,72,9,9,Color.WHITE
mapp,576,72,9,9,Color.WHITE
mapp,585,72,9,9,Color.WHITE
mapp,594,72,9,9,Color.WHITE
mapp,576,54,9,9,Color.WHITE
mapp,585,54,9,9,Color.WHITE
mapp,594,54,9,9,Color.WHITE
mapp,603,54,9,9,Color.WHITE
mapp,612,54,9,9,Color.WHITE
mapp,585,45,9,9,Color.WHITE
mapp,585,36,9,9,Color.WHITE
mapp,585,27,9,9,Color.WHITE
mapp,585,18,9,9,Color.WHITE
mapp,603,36,9,9,Color.WHITE
mapp,612,36,9,9,Color.WHITE
mapp,612,27,9,9,Color.WHITE
mapp,612,18,9,9,Color.WHITE
mapp,612,9,9,9,Color.WHITE
mapp,612,72,9,9,Color.WHITE
mapp,612,81,9,9,Color.WHITE
mapp,612,90,9,9,Color.WHITE
mapp,603,90,9,9,Color.WHITE
mapp,594,90,9,9,Color.WHITE
mapp,612,99,9,9,Color.WHITE
mapp,603,99,9,9,Color.WHITE
mapp,594,99,9,9,Color.WHITE
mapp,585,90,9,9,Color.WHITE
mapp,576,90,9,9,Color.WHITE
mapp,567,90,9,9,Color.WHITE
mapp,612,117,9,9,Color.WHITE
mapp,621,117,9,9,Color.WHITE
mapp,630,117,9,9,Color.WHITE
mapp,612,126,9,9,Color.WHITE
mapp,612,135,9,9,Color.WHITE
mapp,612,144,9,9,Color.WHITE
mapp,612,153,9,9,Color.WHITE
mapp,621,153,9,9,Color.WHITE
mapp,630,153,9,9,Color.WHITE
mapp,630,162,9,9,Color.WHITE
mapp,630,171,9,9,Color.WHITE
mapp,630,144,9,9,Color.WHITE
mapp,639,144,9,9,Color.WHITE
mapp,639,135,9,9,Color.WHITE
mapp,648,135,9,9,Color.WHITE
mapp,648,126,9,9,Color.WHITE
mapp,648,117,9,9,Color.WHITE
mapp,630,99,9,9,Color.WHITE
mapp,630,90,9,9,Color.WHITE
mapp,630,81,9,9,Color.WHITE
mapp,630,72,9,9,Color.WHITE
mapp,630,63,9,9,Color.WHITE
mapp,630,54,9,9,Color.WHITE
mapp,630,45,9,9,Color.WHITE
mapp,630,36,9,9,Color.WHITE
mapp,630,27,9,9,Color.WHITE
mapp,630,18,9,9,Color.WHITE
mapp,639,18,9,9,Color.WHITE
mapp,666,18,9,9,Color.WHITE
mapp,657,18,9,9,Color.WHITE
mapp,675,18,9,9,Color.WHITE
mapp,684,18,9,9,Color.WHITE
mapp,693,18,9,9,Color.WHITE
mapp,702,18,9,9,Color.WHITE
mapp,711,18,9,9,Color.WHITE
mapp,720,18,9,9,Color.WHITE
mapp,729,18,9,9,Color.WHITE
mapp,738,18,9,9,Color.WHITE
mapp,747,18,9,9,Color.WHITE
mapp,756,18,9,9,Color.WHITE
mapp,765,18,9,9,Color.WHITE
mapp,765,36,9,9,Color.WHITE
mapp,657,27,9,9,Color.WHITE
mapp,657,36,9,9,Color.WHITE
mapp,657,45,9,9,Color.WHITE
mapp,657,54,9,9,Color.WHITE
mapp,657,63,9,9,Color.WHITE
mapp,657,81,9,9,Color.WHITE
mapp,657,72,9,9,Color.WHITE
mapp,657,90,9,9,Color.WHITE
mapp,657,99,9,9,Color.WHITE
mapp,648,99,9,9,Color.WHITE
mapp,666,99,9,9,Color.WHITE
mapp,765,45,9,9,Color.WHITE
mapp,765,54,9,9,Color.WHITE
mapp,765,63,9,9,Color.WHITE
mapp,765,72,9,9,Color.WHITE
mapp,765,81,9,9,Color.WHITE
mapp,765,90,9,9,Color.WHITE
mapp,765,99,9,9,Color.WHITE
mapp,756,99,9,9,Color.WHITE
mapp,747,99,9,9,Color.WHITE
mapp,738,99,9,9,Color.WHITE
mapp,729,99,9,9,Color.WHITE
mapp,720,99,9,9,Color.WHITE
mapp,711,99,9,9,Color.WHITE
mapp,702,99,9,9,Color.WHITE
mapp,693,99,9,9,Color.WHITE
mapp,684,99,9,9,Color.WHITE
mapp,675,99,9,9,Color.WHITE
mapp,756,36,9,9,Color.WHITE
mapp,747,36,9,9,Color.WHITE
mapp,738,36,9,9,Color.WHITE
mapp,729,36,9,9,Color.WHITE
mapp,720,36,9,9,Color.WHITE
mapp,711,36,9,9,Color.WHITE
mapp,702,36,9,9,Color.WHITE
mapp,693,36,9,9,Color.WHITE
mapp,684,36,9,9,Color.WHITE
mapp,675,36,9,9,Color.WHITE
mapp,693,45,9,9,Color.WHITE
mapp,693,54,9,9,Color.WHITE
mapp,693,63,9,9,Color.WHITE
mapp,693,81,9,9,Color.WHITE
mapp,675,54,9,9,Color.WHITE
mapp,675,63,9,9,Color.WHITE
mapp,675,72,9,9,Color.WHITE
mapp,675,81,9,9,Color.WHITE
mapp,711,90,9,9,Color.WHITE
mapp,711,81,9,9,Color.WHITE
mapp,711,72,9,9,Color.WHITE
mapp,720,72,9,9,Color.WHITE
mapp,729,72,9,9,Color.WHITE
mapp,729,81,9,9,Color.WHITE
mapp,729,63,9,9,Color.WHITE
mapp,729,54,9,9,Color.WHITE
mapp,711,63,9,9,Color.WHITE
mapp,711,54,9,9,Color.WHITE
mapp,747,45,9,9,Color.WHITE
mapp,747,54,9,9,Color.WHITE
mapp,747,63,9,9,Color.WHITE
mapp,747,72,9,9,Color.WHITE
mapp,747,81,9,9,Color.WHITE
mapp,675,45,9,9,Color.WHITE
mapp,675,54,9,9,Color.WHITE
mapp,675,63,9,9,Color.WHITE
mapp,675,72,9,9,Color.WHITE
mapp,675,81,9,9,Color.WHITE
mapp,711,90,9,9,Color.WHITE
mapp,693,81,9,9,Color.WHITE
mapp,693,90,9,9,Color.WHITE
mapp,693,63,9,9,Color.WHITE
mapp,729,63,9,9,Color.WHITE
mapp,729,72,9,9,Color.WHITE
mapp,729,81,9,9,Color.WHITE
mapp,729,72,9,9,Color.WHITE
mapp,720,72,9,9,Color.WHITE
mapp,738,72,9,9,Color.WHITE
mapp,747,72,9,9,Color.WHITE
mapp,747,63,9,9,Color.WHITE
mapp,747,54,9,9,Color.WHITE
mapp,747,45,9,9,Color.WHITE
mapp,693,54,9,9,Color.WHITE
mapp,702,54,9,9,Color.WHITE
mapp,711,54,9,9,Color.WHITE
mapp,720,54,9,9,Color.WHITE
mapp,729,54,9,9,Color.WHITE
mapp,711,72,9,9,Color.WHITE
mapp,747,90,9,9,Color.WHITE
mapp,666,54,9,9,Color.WHITE
mapp,675,54,9,9,Color.WHITE
mapp,684,54,9,9,Color.WHITE
mapp,702,45,9,9,Color.WHITE
mapp,702,54,9,9,Color.WHITE
mapp,720,45,9,9,Color.WHITE
mapp,720,54,9,9,Color.WHITE
mapp,720,63,9,9,Color.WHITE
mapp,720,72,9,9,Color.WHITE
mapp,711,72,9,9,Color.WHITE
mapp,702,72,9,9,Color.WHITE
mapp,693,72,9,9,Color.WHITE
mapp,684,72,9,9,Color.WHITE
mapp,675,72,9,9,Color.WHITE
mapp,675,90,9,9,Color.WHITE
mapp,693,81,9,9,Color.WHITE
mapp,711,90,9,9,Color.WHITE
mapp,756,63,9,9,Color.WHITE
mapp,738,90,9,9,Color.WHITE
mapp,738,81,9,9,Color.WHITE
mapp,738,72,9,9,Color.WHITE
mapp,738,63,9,9,Color.WHITE
mapp,738,54,9,9,Color.WHITE
mapp,747,81,9,9,Color.WHITE
mapp,288,261,9,9,Color.WHITE
mapp,306,243,9,9,Color.WHITE
mapp,306,252,9,9,Color.WHITE
mapp,306,261,9,9,Color.WHITE
mapp,306,270,9,9,Color.WHITE
mapp,333,261,9,9,Color.WHITE
mapp,333,252,9,9,Color.WHITE
mapp,333,243,9,9,Color.WHITE
mapp,297,297,9,9,Color.WHITE
mapp,297,306,9,9,Color.WHITE
mapp,297,315,9,9,Color.WHITE
mapp,315,324,9,9,Color.WHITE
mapp,315,315,9,9,Color.WHITE
mapp,315,333,9,9,Color.WHITE
mapp,333,297,9,9,Color.WHITE
mapp,333,306,9,9,Color.WHITE
mapp,333,315,9,9,Color.WHITE
mapp,333,207,9,9,Color.WHITE
mapp,324,207,9,9,Color.WHITE
mapp,315,207,9,9,Color.WHITE
mapp,306,207,9,9,Color.WHITE
mapp,306,198,9,9,Color.WHITE
mapp,306,189,9,9,Color.WHITE
mapp,306,180,9,9,Color.WHITE
mapp,306,171,9,9,Color.WHITE
mapp,324,180,9,9,Color.WHITE
mapp,306,162,9,9,Color.WHITE
mapp,315,162,9,9,Color.WHITE
mapp,324,162,9,9,Color.WHITE
mapp,333,162,9,9,Color.WHITE
mapp,342,162,9,9,Color.WHITE
mapp,351,162,9,9,Color.WHITE
mapp,360,162,9,9,Color.WHITE
mapp,369,162,9,9,Color.WHITE
mapp,378,162,9,9,Color.WHITE
mapp,324,189,9,9,Color.WHITE
mapp,333,180,9,9,Color.WHITE
mapp,342,180,9,9,Color.WHITE
mapp,351,180,9,9,Color.WHITE
mapp,360,180,9,9,Color.WHITE
mapp,261,234,9,9,Color.WHITE
mapp,270,234,9,9,Color.WHITE
mapp,279,234,9,9,Color.WHITE
mapp,297,234,9,9,Color.WHITE
mapp,288,234,9,9,Color.WHITE
mapp,315,234,9,9,Color.WHITE
mapp,324,234,9,9,Color.WHITE
mapp,333,234,9,9,Color.WHITE
mapp,306,234,9,9,Color.WHITE
mapp,297,333,9,9,Color.WHITE
mapp,288,333,9,9,Color.WHITE
mapp,306,333,9,9,Color.WHITE
mapp,324,333,9,9,Color.WHITE
mapp,333,333,9,9,Color.WHITE
mapp,288,270,9,9,Color.WHITE
mapp,288,252,9,9,Color.WHITE
mapp,315,306,9,9,Color.WHITE
mapp,297,288,9,9,Color.WHITE
mapp,306,288,9,9,Color.WHITE
mapp,315,288,9,9,Color.WHITE
mapp,324,288,9,9,Color.WHITE
mapp,333,288,9,9,Color.WHITE
mapp,288,306,9,9,Color.WHITE
mapp,279,288,9,9,Color.WHITE
mapp,333,270,9,9,Color.WHITE
mapp,315,270,9,9,Color.WHITE
mapp,297,360,9,9,Color.WHITE
mapp,306,360,9,9,Color.WHITE
mapp,306,369,9,9,Color.WHITE
mapp,306,378,9,9,Color.WHITE
mapp,306,387,9,9,Color.WHITE
mapp,315,387,9,9,Color.WHITE
mapp,306,396,9,9,Color.WHITE
mapp,306,405,9,9,Color.WHITE
mapp,306,414,9,9,Color.WHITE
mapp,306,423,9,9,Color.WHITE
mapp,315,423,9,9,Color.WHITE
mapp,324,423,9,9,Color.WHITE
mapp,324,387,9,9,Color.WHITE
mapp,324,396,9,9,Color.WHITE
mapp,324,405,9,9,Color.WHITE
mapp,333,387,9,9,Color.WHITE
mapp,342,387,9,9,Color.WHITE
mapp,342,405,9,9,Color.WHITE
mapp,333,423,9,9,Color.WHITE
mapp,342,423,9,9,Color.WHITE
mapp,351,423,9,9,Color.WHITE
mapp,360,423,9,9,Color.WHITE
mapp,360,414,9,9,Color.WHITE
mapp,360,405,9,9,Color.WHITE
mapp,351,387,9,9,Color.WHITE
mapp,360,387,9,9,Color.WHITE
mapp,369,387,9,9,Color.WHITE
mapp,378,387,9,9,Color.WHITE
mapp,378,396,9,9,Color.WHITE
mapp,378,405,9,9,Color.WHITE
mapp,378,423,9,9,Color.WHITE
mapp,387,423,9,9,Color.WHITE
mapp,396,423,9,9,Color.WHITE
mapp,405,423,9,9,Color.WHITE
mapp,405,414,9,9,Color.WHITE
mapp,405,405,9,9,Color.WHITE
mapp,414,423,9,9,Color.WHITE
mapp,423,423,9,9,Color.WHITE
mapp,423,414,9,9,Color.WHITE
mapp,423,405,9,9,Color.WHITE
mapp,423,396,9,9,Color.WHITE
mapp,423,387,9,9,Color.WHITE
mapp,387,387,9,9,Color.WHITE
mapp,396,387,9,9,Color.WHITE
mapp,405,387,9,9,Color.WHITE
mapp,414,387,9,9,Color.WHITE
mapp,360,369,9,9,Color.WHITE
mapp,378,369,9,9,Color.WHITE
mapp,378,360,9,9,Color.WHITE
mapp,369,360,9,9,Color.WHITE
mapp,360,360,9,9,Color.WHITE
mapp,306,441,9,9,Color.WHITE
mapp,306,450,9,9,Color.WHITE
mapp,306,459,9,9,Color.WHITE
mapp,315,441,9,9,Color.WHITE
mapp,324,441,9,9,Color.WHITE
mapp,333,441,9,9,Color.WHITE
mapp,342,441,9,9,Color.WHITE
mapp,351,441,9,9,Color.WHITE
mapp,369,441,9,9,Color.WHITE
mapp,378,441,9,9,Color.WHITE
mapp,387,441,9,9,Color.WHITE
mapp,396,441,9,9,Color.WHITE
mapp,405,441,9,9,Color.WHITE
mapp,414,441,9,9,Color.WHITE
mapp,423,441,9,9,Color.WHITE
mapp,423,432,9,9,Color.WHITE
mapp,315,459,9,9,Color.WHITE
mapp,324,459,9,9,Color.WHITE
mapp,333,459,9,9,Color.WHITE
mapp,342,459,9,9,Color.WHITE
mapp,351,459,9,9,Color.WHITE
mapp,360,459,9,9,Color.WHITE
mapp,369,459,9,9,Color.WHITE
mapp,378,459,9,9,Color.WHITE
mapp,387,459,9,9,Color.WHITE
mapp,396,459,9,9,Color.WHITE
mapp,405,459,9,9,Color.WHITE
mapp,414,459,9,9,Color.WHITE
mapp,423,459,9,9,Color.WHITE
mapp,441,468,9,9,Color.WHITE
mapp,441,459,9,9,Color.WHITE
mapp,441,450,9,9,Color.WHITE
mapp,441,441,9,9,Color.WHITE
mapp,441,432,9,9,Color.WHITE
mapp,441,423,9,9,Color.WHITE
mapp,450,423,9,9,Color.WHITE
mapp,459,423,9,9,Color.WHITE
mapp,459,432,9,9,Color.WHITE
mapp,459,441,9,9,Color.WHITE
mapp,459,450,9,9,Color.WHITE
mapp,459,468,9,9,Color.WHITE
mapp,468,423,9,9,Color.WHITE
mapp,477,423,9,9,Color.WHITE
mapp,468,441,9,9,Color.WHITE
mapp,477,441,9,9,Color.WHITE
mapp,477,459,9,9,Color.WHITE
mapp,477,468,9,9,Color.WHITE
mapp,495,459,9,9,Color.WHITE
mapp,495,450,9,9,Color.WHITE
mapp,495,441,9,9,Color.WHITE
mapp,495,432,9,9,Color.WHITE
mapp,495,423,9,9,Color.WHITE
mapp,486,423,9,9,Color.WHITE
mapp,504,423,9,9,Color.WHITE
mapp,513,423,9,9,Color.WHITE
mapp,513,441,9,9,Color.WHITE
mapp,513,450,9,9,Color.WHITE
mapp,513,459,9,9,Color.WHITE
mapp,531,468,9,9,Color.WHITE
mapp,531,459,9,9,Color.WHITE
mapp,531,450,9,9,Color.WHITE
mapp,531,441,9,9,Color.WHITE
mapp,531,432,9,9,Color.WHITE
mapp,531,423,9,9,Color.WHITE
mapp,441,405,9,9,Color.WHITE
mapp,441,396,9,9,Color.WHITE
mapp,441,387,9,9,Color.WHITE
mapp,441,378,9,9,Color.WHITE
mapp,441,369,9,9,Color.WHITE
mapp,441,360,9,9,Color.WHITE
mapp,441,351,9,9,Color.WHITE
mapp,441,342,9,9,Color.WHITE
mapp,441,333,9,9,Color.WHITE
mapp,450,333,9,9,Color.WHITE
mapp,459,333,9,9,Color.WHITE
mapp,468,333,9,9,Color.WHITE
mapp,468,342,9,9,Color.WHITE
mapp,468,351,9,9,Color.WHITE
mapp,459,351,9,9,Color.WHITE
mapp,477,351,9,9,Color.WHITE
mapp,477,333,9,9,Color.WHITE
mapp,486,333,9,9,Color.WHITE
mapp,495,333,9,9,Color.WHITE
mapp,495,351,9,9,Color.WHITE
mapp,495,360,9,9,Color.WHITE
mapp,495,369,9,9,Color.WHITE
mapp,477,369,9,9,Color.WHITE
mapp,459,369,9,9,Color.WHITE
mapp,459,378,9,9,Color.WHITE
mapp,468,378,9,9,Color.WHITE
mapp,477,378,9,9,Color.WHITE
mapp,459,387,9,9,Color.WHITE
mapp,477,396,9,9,Color.WHITE
mapp,450,405,9,9,Color.WHITE
mapp,459,405,9,9,Color.WHITE
mapp,468,405,9,9,Color.WHITE
mapp,477,405,9,9,Color.WHITE
mapp,486,405,9,9,Color.WHITE
mapp,495,405,9,9,Color.WHITE
mapp,495,396,9,9,Color.WHITE
mapp,495,387,9,9,Color.WHITE
mapp,513,405,9,9,Color.WHITE
mapp,522,405,9,9,Color.WHITE
mapp,522,396,9,9,Color.WHITE
mapp,504,333,9,9,Color.WHITE
mapp,513,333,9,9,Color.WHITE
mapp,522,333,9,9,Color.WHITE
mapp,522,342,9,9,Color.WHITE
mapp,531,342,9,9,Color.WHITE
mapp,540,342,9,9,Color.WHITE
mapp,549,342,9,9,Color.WHITE
mapp,549,351,9,9,Color.WHITE
mapp,549,360,9,9,Color.WHITE
mapp,549,369,9,9,Color.WHITE
mapp,549,378,9,9,Color.WHITE
mapp,549,387,9,9,Color.WHITE
mapp,549,396,9,9,Color.WHITE
mapp,549,405,9,9,Color.WHITE
mapp,540,405,9,9,Color.WHITE
mapp,531,405,9,9,Color.WHITE
mapp,513,378,9,9,Color.WHITE
mapp,522,378,9,9,Color.WHITE
mapp,531,378,9,9,Color.WHITE
mapp,531,369,9,9,Color.WHITE
mapp,531,360,9,9,Color.WHITE
mapp,522,360,9,9,Color.WHITE
mapp,513,360,9,9,Color.WHITE
mapp,423,378,9,9,Color.WHITE
mapp,423,360,9,9,Color.WHITE
mapp,423,369,9,9,Color.WHITE
mapp,342,306,9,9,Color.WHITE
mapp,351,306,9,9,Color.WHITE
mapp,423,324,9,9,Color.WHITE
mapp,423,315,9,9,Color.WHITE
mapp,423,306,9,9,Color.WHITE
mapp,423,297,9,9,Color.WHITE
mapp,414,297,9,9,Color.WHITE
mapp,405,297,9,9,Color.WHITE
mapp,405,306,9,9,Color.WHITE
mapp,414,324,9,9,Color.WHITE
mapp,396,324,9,9,Color.WHITE
mapp,405,324,9,9,Color.WHITE
mapp,387,324,9,9,Color.WHITE
mapp,378,324,9,9,Color.WHITE
mapp,378,315,9,9,Color.WHITE
mapp,378,306,9,9,Color.WHITE
mapp,387,306,9,9,Color.WHITE
mapp,387,297,9,9,Color.WHITE
mapp,378,297,9,9,Color.WHITE
mapp,378,288,9,9,Color.WHITE
mapp,378,279,9,9,Color.WHITE
mapp,387,279,9,9,Color.WHITE
mapp,396,279,9,9,Color.WHITE
mapp,405,279,9,9,Color.WHITE
mapp,450,315,9,9,Color.WHITE
mapp,450,306,9,9,Color.WHITE
mapp,450,297,9,9,Color.WHITE
mapp,450,288,9,9,Color.WHITE
mapp,459,288,9,9,Color.WHITE
mapp,468,288,9,9,Color.WHITE
mapp,477,288,9,9,Color.WHITE
mapp,486,288,9,9,Color.WHITE
mapp,495,288,9,9,Color.WHITE
mapp,504,288,9,9,Color.WHITE
mapp,504,297,9,9,Color.WHITE
mapp,504,306,9,9,Color.WHITE
mapp,504,315,9,9,Color.WHITE
mapp,459,315,9,9,Color.WHITE
mapp,468,315,9,9,Color.WHITE
mapp,477,315,9,9,Color.WHITE
mapp,486,315,9,9,Color.WHITE
mapp,486,306,9,9,Color.WHITE
mapp,450,270,9,9,Color.WHITE
mapp,459,270,9,9,Color.WHITE
mapp,441,270,9,9,Color.WHITE
mapp,441,261,9,9,Color.WHITE
mapp,432,261,9,9,Color.WHITE
mapp,459,261,9,9,Color.WHITE
mapp,459,252,9,9,Color.WHITE
mapp,459,243,9,9,Color.WHITE
mapp,468,243,9,9,Color.WHITE
mapp,477,243,9,9,Color.WHITE
mapp,477,234,9,9,Color.WHITE
mapp,477,225,9,9,Color.WHITE
mapp,468,225,9,9,Color.WHITE
mapp,459,225,9,9,Color.WHITE
mapp,450,225,9,9,Color.WHITE
mapp,432,225,9,9,Color.WHITE
mapp,432,234,9,9,Color.WHITE
mapp,432,243,9,9,Color.WHITE
mapp,441,243,9,9,Color.WHITE
mapp,405,225,9,9,Color.WHITE
mapp,405,234,9,9,Color.WHITE
mapp,405,243,9,9,Color.WHITE
mapp,405,207,9,9,Color.WHITE
mapp,396,207,9,9,Color.WHITE
mapp,387,207,9,9,Color.WHITE
mapp,387,216,9,9,Color.WHITE
mapp,387,225,9,9,Color.WHITE
mapp,378,225,9,9,Color.WHITE
mapp,369,225,9,9,Color.WHITE
mapp,369,234,9,9,Color.WHITE
mapp,369,243,9,9,Color.WHITE
mapp,369,252,9,9,Color.WHITE
mapp,378,252,9,9,Color.WHITE
mapp,387,252,9,9,Color.WHITE
mapp,387,243,9,9,Color.WHITE
mapp,378,171,9,9,Color.WHITE
mapp,378,180,9,9,Color.WHITE
mapp,423,198,9,9,Color.WHITE
mapp,432,198,9,9,Color.WHITE
mapp,441,198,9,9,Color.WHITE
mapp,450,198,9,9,Color.WHITE
mapp,450,189,9,9,Color.WHITE
mapp,450,180,9,9,Color.WHITE
mapp,450,171,9,9,Color.WHITE
mapp,450,162,9,9,Color.WHITE
mapp,441,162,9,9,Color.WHITE
mapp,432,162,9,9,Color.WHITE
mapp,423,162,9,9,Color.WHITE
mapp,423,171,9,9,Color.WHITE
mapp,423,180,9,9,Color.WHITE
mapp,432,180,9,9,Color.WHITE
mapp,522,0,9,9,Color.WHITE
mapp,495,162,9,9,Color.WHITE
mapp,486,162,9,9,Color.WHITE
mapp,477,162,9,9,Color.WHITE
mapp,504,162,9,9,Color.WHITE
mapp,504,171,9,9,Color.WHITE
mapp,513,171,9,9,Color.WHITE
mapp,513,180,9,9,Color.WHITE
mapp,513,189,9,9,Color.WHITE
mapp,513,198,9,9,Color.WHITE
mapp,504,198,9,9,Color.WHITE
mapp,495,198,9,9,Color.WHITE
mapp,495,189,9,9,Color.WHITE
mapp,486,189,9,9,Color.WHITE
mapp,486,180,9,9,Color.WHITE
mapp,477,180,9,9,Color.WHITE
mapp,765,117,9,9,Color.WHITE
mapp,756,117,9,9,Color.WHITE
mapp,747,117,9,9,Color.WHITE
mapp,774,135,9,9,Color.WHITE
mapp,765,135,9,9,Color.WHITE
mapp,765,144,9,9,Color.WHITE
mapp,765,153,9,9,Color.WHITE
mapp,756,153,9,9,Color.WHITE
mapp,747,153,9,9,Color.WHITE
mapp,747,144,9,9,Color.WHITE
mapp,747,135,9,9,Color.WHITE
mapp,738,135,9,9,Color.WHITE
mapp,729,135,9,9,Color.WHITE
mapp,720,126,9,9,Color.WHITE
mapp,720,135,9,9,Color.WHITE
mapp,720,144,9,9,Color.WHITE
mapp,720,108,9,9,Color.WHITE
mapp,693,108,9,9,Color.WHITE
mapp,693,117,9,9,Color.WHITE
mapp,693,126,9,9,Color.WHITE
mapp,711,144,9,9,Color.WHITE
mapp,702,144,9,9,Color.WHITE
mapp,693,144,9,9,Color.WHITE
mapp,720,153,9,9,Color.WHITE
mapp,720,162,9,9,Color.WHITE
mapp,720,171,9,9,Color.WHITE
mapp,729,171,9,9,Color.WHITE
mapp,738,171,9,9,Color.WHITE
mapp,747,171,9,9,Color.WHITE
mapp,747,171,9,9,Color.WHITE
mapp,756,171,9,9,Color.WHITE
mapp,765,171,9,9,Color.WHITE
mapp,684,144,9,9,Color.WHITE
mapp,675,144,9,9,Color.WHITE
mapp,666,144,9,9,Color.WHITE
mapp,666,135,9,9,Color.WHITE
mapp,666,126,9,9,Color.WHITE
mapp,666,117,9,9,Color.WHITE
mapp,666,153,9,9,Color.WHITE
mapp,666,162,9,9,Color.WHITE
mapp,675,162,9,9,Color.WHITE
mapp,684,162,9,9,Color.WHITE
mapp,693,162,9,9,Color.WHITE
mapp,702,162,9,9,Color.WHITE
mapp,585,126,9,9,Color.WHITE
mapp,585,135,9,9,Color.WHITE
mapp,585,144,9,9,Color.WHITE
mapp,585,153,9,9,Color.WHITE
mapp,576,153,9,9,Color.WHITE
mapp,576,162,9,9,Color.WHITE
mapp,567,162,9,9,Color.WHITE
mapp,558,162,9,9,Color.WHITE
mapp,558,153,9,9,Color.WHITE
mapp,558,135,9,9,Color.WHITE
mapp,558,126,9,9,Color.WHITE
mapp,567,126,9,9,Color.WHITE
mapp,576,126,9,9,Color.WHITE
mapp,531,216,9,9,Color.WHITE
mapp,540,216,9,9,Color.WHITE
mapp,549,216,9,9,Color.WHITE
mapp,549,207,9,9,Color.WHITE
mapp,549,198,9,9,Color.WHITE
mapp,558,198,9,9,Color.WHITE
mapp,558,189,9,9,Color.WHITE
mapp,567,189,9,9,Color.WHITE
mapp,576,189,9,9,Color.WHITE
mapp,576,198,9,9,Color.WHITE
mapp,576,207,9,9,Color.WHITE
mapp,576,216,9,9,Color.WHITE
mapp,567,216,9,9,Color.WHITE
mapp,567,225,9,9,Color.WHITE
mapp,567,234,9,9,Color.WHITE
mapp,558,234,9,9,Color.WHITE
mapp,549,234,9,9,Color.WHITE
mapp,540,234,9,9,Color.WHITE
mapp,531,234,9,9,Color.WHITE
mapp,540,252,9,9,Color.WHITE
mapp,549,252,9,9,Color.WHITE
mapp,558,252,9,9,Color.WHITE
mapp,540,261,9,9,Color.WHITE
mapp,567,252,9,9,Color.WHITE
mapp,585,252,9,9,Color.WHITE
mapp,594,252,9,9,Color.WHITE
mapp,603,252,9,9,Color.WHITE
mapp,585,261,9,9,Color.WHITE
mapp,585,270,9,9,Color.WHITE
mapp,576,270,9,9,Color.WHITE
mapp,567,270,9,9,Color.WHITE
mapp,558,270,9,9,Color.WHITE
mapp,540,270,9,9,Color.WHITE
mapp,540,279,9,9,Color.WHITE
mapp,540,288,9,9,Color.WHITE
mapp,549,288,9,9,Color.WHITE
mapp,540,297,9,9,Color.WHITE
mapp,540,306,9,9,Color.WHITE
mapp,540,315,9,9,Color.WHITE
mapp,540,324,9,9,Color.WHITE
mapp,549,324,9,9,Color.WHITE
mapp,558,324,9,9,Color.WHITE
mapp,558,306,9,9,Color.WHITE
mapp,558,288,9,9,Color.WHITE
mapp,576,288,9,9,Color.WHITE
mapp,567,288,9,9,Color.WHITE
mapp,585,288,9,9,Color.WHITE
mapp,594,288,9,9,Color.WHITE
mapp,603,288,9,9,Color.WHITE
mapp,603,261,9,9,Color.WHITE
mapp,603,270,9,9,Color.WHITE
mapp,612,252,9,9,Color.WHITE
mapp,621,252,9,9,Color.WHITE
mapp,621,261,9,9,Color.WHITE
mapp,621,270,9,9,Color.WHITE
mapp,621,279,9,9,Color.WHITE
mapp,630,279,9,9,Color.WHITE
mapp,621,288,9,9,Color.WHITE
mapp,621,297,9,9,Color.WHITE
mapp,621,306,9,9,Color.WHITE
mapp,612,306,9,9,Color.WHITE
mapp,603,306,9,9,Color.WHITE
mapp,594,306,9,9,Color.WHITE
mapp,585,306,9,9,Color.WHITE
mapp,576,306,9,9,Color.WHITE
mapp,567,306,9,9,Color.WHITE
mapp,567,324,9,9,Color.WHITE
mapp,576,324,9,9,Color.WHITE
mapp,585,324,9,9,Color.WHITE
mapp,594,324,9,9,Color.WHITE
mapp,603,324,9,9,Color.WHITE
mapp,612,324,9,9,Color.WHITE
mapp,621,324,9,9,Color.WHITE
mapp,621,315,9,9,Color.WHITE
mapp,630,252,9,9,Color.WHITE
mapp,639,252,9,9,Color.WHITE
mapp,639,261,9,9,Color.WHITE
mapp,648,252,9,9,Color.WHITE
mapp,639,243,9,9,Color.WHITE
mapp,630,234,9,9,Color.WHITE
mapp,639,234,9,9,Color.WHITE
mapp,648,234,9,9,Color.WHITE
mapp,657,234,9,9,Color.WHITE
mapp,657,225,9,9,Color.WHITE
mapp,666,225,9,9,Color.WHITE
mapp,666,216,9,9,Color.WHITE
mapp,666,207,9,9,Color.WHITE
mapp,666,198,9,9,Color.WHITE
mapp,657,198,9,9,Color.WHITE
mapp,657,189,9,9,Color.WHITE
mapp,648,189,9,9,Color.WHITE
mapp,639,189,9,9,Color.WHITE
mapp,630,189,9,9,Color.WHITE
mapp,657,180,9,9,Color.WHITE
mapp,675,198,9,9,Color.WHITE
mapp,684,198,9,9,Color.WHITE
mapp,693,198,9,9,Color.WHITE
mapp,702,198,9,9,Color.WHITE
mapp,702,189,9,9,Color.WHITE
mapp,702,180,9,9,Color.WHITE
mapp,702,171,9,9,Color.WHITE
mapp,675,180,9,9,Color.WHITE
mapp,684,180,9,9,Color.WHITE
mapp,720,189,9,9,Color.WHITE
mapp,720,180,9,9,Color.WHITE
mapp,720,198,9,9,Color.WHITE
mapp,738,180,9,9,Color.WHITE
mapp,738,189,9,9,Color.WHITE
mapp,738,198,9,9,Color.WHITE
mapp,720,216,9,9,Color.WHITE
mapp,711,216,9,9,Color.WHITE
mapp,702,216,9,9,Color.WHITE
mapp,693,216,9,9,Color.WHITE
mapp,684,216,9,9,Color.WHITE
mapp,738,216,9,9,Color.WHITE
mapp,738,225,9,9,Color.WHITE
mapp,738,234,9,9,Color.WHITE
mapp,756,216,9,9,Color.WHITE
mapp,756,207,9,9,Color.WHITE
mapp,765,207,9,9,Color.WHITE
mapp,765,198,9,9,Color.WHITE
mapp,774,198,9,9,Color.WHITE
mapp,774,189,9,9,Color.WHITE
mapp,729,234,9,9,Color.WHITE
mapp,729,243,9,9,Color.WHITE
mapp,720,243,9,9,Color.WHITE
mapp,720,252,9,9,Color.WHITE
mapp,711,252,9,9,Color.WHITE
mapp,711,261,9,9,Color.WHITE
mapp,702,261,9,9,Color.WHITE
mapp,702,270,9,9,Color.WHITE
mapp,693,270,9,9,Color.WHITE
mapp,693,279,9,9,Color.WHITE
mapp,666,252,9,9,Color.WHITE
mapp,675,252,9,9,Color.WHITE
mapp,675,243,9,9,Color.WHITE
mapp,684,252,9,9,Color.WHITE
mapp,675,261,9,9,Color.WHITE
mapp,684,279,9,9,Color.WHITE
mapp,702,279,9,9,Color.WHITE
mapp,693,288,9,9,Color.WHITE
mapp,666,279,9,9,Color.WHITE
mapp,657,279,9,9,Color.WHITE
mapp,657,270,9,9,Color.WHITE
mapp,648,279,9,9,Color.WHITE
mapp,657,288,9,9,Color.WHITE
mapp,729,270,9,9,Color.WHITE
mapp,738,270,9,9,Color.WHITE
mapp,747,270,9,9,Color.WHITE
mapp,747,261,9,9,Color.WHITE
mapp,756,261,9,9,Color.WHITE
mapp,756,252,9,9,Color.WHITE
mapp,765,252,9,9,Color.WHITE
mapp,765,243,9,9,Color.WHITE
mapp,774,243,9,9,Color.WHITE
mapp,774,234,9,9,Color.WHITE
mapp,675,297,9,9,Color.WHITE
mapp,675,306,9,9,Color.WHITE
mapp,675,315,9,9,Color.WHITE
mapp,675,324,9,9,Color.WHITE
mapp,684,324,9,9,Color.WHITE
mapp,684,315,9,9,Color.WHITE
mapp,693,315,9,9,Color.WHITE
mapp,693,306,9,9,Color.WHITE
mapp,702,306,9,9,Color.WHITE
mapp,657,306,9,9,Color.WHITE
mapp,657,315,9,9,Color.WHITE
mapp,657,324,9,9,Color.WHITE
mapp,639,297,9,9,Color.WHITE
mapp,639,306,9,9,Color.WHITE
mapp,639,315,9,9,Color.WHITE
mapp,639,324,9,9,Color.WHITE
mapp,567,342,9,9,Color.WHITE
mapp,576,342,9,9,Color.WHITE
mapp,585,342,9,9,Color.WHITE
mapp,567,360,9,9,Color.WHITE
mapp,576,360,9,9,Color.WHITE
mapp,585,360,9,9,Color.WHITE
mapp,567,378,9,9,Color.WHITE
mapp,576,378,9,9,Color.WHITE
mapp,585,378,9,9,Color.WHITE
mapp,603,378,9,9,Color.WHITE
mapp,612,378,9,9,Color.WHITE
mapp,621,378,9,9,Color.WHITE
mapp,603,360,9,9,Color.WHITE
mapp,612,360,9,9,Color.WHITE
mapp,621,360,9,9,Color.WHITE
mapp,603,342,9,9,Color.WHITE
mapp,612,342,9,9,Color.WHITE
mapp,621,342,9,9,Color.WHITE
mapp,639,342,9,9,Color.WHITE
mapp,639,351,9,9,Color.WHITE
mapp,639,360,9,9,Color.WHITE
mapp,639,378,9,9,Color.WHITE
mapp,639,387,9,9,Color.WHITE
mapp,639,396,9,9,Color.WHITE
mapp,657,342,9,9,Color.WHITE
mapp,657,351,9,9,Color.WHITE
mapp,657,360,9,9,Color.WHITE
mapp,657,378,9,9,Color.WHITE
mapp,657,387,9,9,Color.WHITE
mapp,657,396,9,9,Color.WHITE
mapp,675,396,9,9,Color.WHITE
mapp,675,387,9,9,Color.WHITE
mapp,675,378,9,9,Color.WHITE
mapp,675,360,9,9,Color.WHITE
mapp,675,351,9,9,Color.WHITE
mapp,675,342,9,9,Color.WHITE
mapp,558,396,9,9,Color.WHITE
mapp,567,396,9,9,Color.WHITE
mapp,576,396,9,9,Color.WHITE
mapp,567,405,9,9,Color.WHITE
mapp,567,414,9,9,Color.WHITE
mapp,567,423,9,9,Color.WHITE
mapp,585,396,9,9,Color.WHITE
mapp,585,405,9,9,Color.WHITE
mapp,594,405,9,9,Color.WHITE
mapp,594,396,9,9,Color.WHITE
mapp,603,396,9,9,Color.WHITE
mapp,612,396,9,9,Color.WHITE
mapp,612,405,9,9,Color.WHITE
mapp,612,414,9,9,Color.WHITE
mapp,585,423,9,9,Color.WHITE
mapp,594,423,9,9,Color.WHITE
mapp,585,432,9,9,Color.WHITE
mapp,585,441,9,9,Color.WHITE
mapp,567,432,9,9,Color.WHITE
mapp,567,441,9,9,Color.WHITE
mapp,567,450,9,9,Color.WHITE
mapp,576,450,9,9,Color.WHITE
mapp,585,450,9,9,Color.WHITE
mapp,594,450,9,9,Color.WHITE
mapp,612,450,9,9,Color.WHITE
mapp,603,450,9,9,Color.WHITE
mapp,612,441,9,9,Color.WHITE
mapp,612,432,9,9,Color.WHITE
mapp,639,414,9,9,Color.WHITE
mapp,639,423,9,9,Color.WHITE
mapp,639,432,9,9,Color.WHITE
mapp,639,450,9,9,Color.WHITE
mapp,639,459,9,9,Color.WHITE
mapp,639,468,9,9,Color.WHITE
mapp,657,414,9,9,Color.WHITE
mapp,657,423,9,9,Color.WHITE
mapp,657,432,9,9,Color.WHITE
mapp,657,450,9,9,Color.WHITE
mapp,657,459,9,9,Color.WHITE
mapp,657,468,9,9,Color.WHITE
mapp,675,414,9,9,Color.WHITE
mapp,675,432,9,9,Color.WHITE
mapp,675,423,9,9,Color.WHITE
mapp,675,450,9,9,Color.WHITE
mapp,675,459,9,9,Color.WHITE
mapp,675,468,9,9,Color.WHITE
mapp,612,468,9,9,Color.WHITE
mapp,567,459,9,9,Color.WHITE
mapp,567,468,9,9,Color.WHITE
mapp,684,459,9,9,Color.WHITE
mapp,702,459,9,9,Color.WHITE
mapp,711,459,9,9,Color.WHITE
mapp,711,450,9,9,Color.WHITE
mapp,720,450,9,9,Color.WHITE
mapp,720,441,9,9,Color.WHITE
mapp,729,441,9,9,Color.WHITE
mapp,729,432,9,9,Color.WHITE
mapp,738,432,9,9,Color.WHITE
mapp,738,423,9,9,Color.WHITE
mapp,747,423,9,9,Color.WHITE
mapp,747,414,9,9,Color.WHITE
mapp,756,414,9,9,Color.WHITE
mapp,756,405,9,9,Color.WHITE
mapp,765,405,9,9,Color.WHITE
mapp,765,396,9,9,Color.WHITE
mapp,774,396,9,9,Color.WHITE
mapp,747,459,9,9,Color.WHITE
mapp,738,459,9,9,Color.WHITE
mapp,747,450,9,9,Color.WHITE
mapp,756,450,9,9,Color.WHITE
mapp,756,441,9,9,Color.WHITE
mapp,765,441,9,9,Color.WHITE
mapp,765,432,9,9,Color.WHITE
mapp,774,432,9,9,Color.WHITE
mapp,774,423,9,9,Color.WHITE
mapp,774,468,9,9,Color.WHITE
mapp,774,459,9,9,Color.WHITE
mapp,765,468,9,9,Color.WHITE
mapp,684,423,9,9,Color.WHITE
mapp,684,387,9,9,Color.WHITE
mapp,702,423,9,9,Color.WHITE
mapp,711,423,9,9,Color.WHITE
mapp,711,414,9,9,Color.WHITE
mapp,720,414,9,9,Color.WHITE
mapp,720,405,9,9,Color.WHITE
mapp,729,405,9,9,Color.WHITE
mapp,729,396,9,9,Color.WHITE
mapp,738,396,9,9,Color.WHITE
mapp,738,387,9,9,Color.WHITE
mapp,747,387,9,9,Color.WHITE
mapp,747,378,9,9,Color.WHITE
mapp,756,378,9,9,Color.WHITE
mapp,756,369,9,9,Color.WHITE
mapp,765,369,9,9,Color.WHITE
mapp,765,360,9,9,Color.WHITE
mapp,774,360,9,9,Color.WHITE
mapp,774,351,9,9,Color.WHITE
mapp,702,387,9,9,Color.WHITE
mapp,711,387,9,9,Color.WHITE
mapp,711,378,9,9,Color.WHITE
mapp,720,378,9,9,Color.WHITE
mapp,720,369,9,9,Color.WHITE
mapp,729,369,9,9,Color.WHITE
mapp,729,360,9,9,Color.WHITE
mapp,738,360,9,9,Color.WHITE
mapp,738,351,9,9,Color.WHITE
mapp,747,351,9,9,Color.WHITE
mapp,747,342,9,9,Color.WHITE
mapp,756,342,9,9,Color.WHITE
mapp,756,333,9,9,Color.WHITE
mapp,765,333,9,9,Color.WHITE
mapp,765,324,9,9,Color.WHITE
mapp,774,324,9,9,Color.WHITE
mapp,774,315,9,9,Color.WHITE
mapp,684,351,9,9,Color.WHITE
mapp,702,351,9,9,Color.WHITE
mapp,711,351,9,9,Color.WHITE
mapp,711,342,9,9,Color.WHITE
mapp,720,342,9,9,Color.WHITE
mapp,720,333,9,9,Color.WHITE
mapp,729,333,9,9,Color.WHITE
mapp,729,324,9,9,Color.WHITE
mapp,738,324,9,9,Color.WHITE
mapp,738,315,9,9,Color.WHITE
mapp,747,315,9,9,Color.WHITE
mapp,747,306,9,9,Color.WHITE
mapp,756,306,9,9,Color.WHITE
mapp,756,297,9,9,Color.WHITE
mapp,765,297,9,9,Color.WHITE
mapp,765,288,9,9,Color.WHITE
mapp,774,288,9,9,Color.WHITE
mapp,774,279,9,9,Color.WHITE
mapp,162,36,9,9,Color.WHITE
mapp,612,459,9,9,Color.WHITE
mapp,585,468,9,9,Color.WHITE
mapp,594,468,9,9,Color.WHITE
mapp,774,387,9,9,Color.WHITE
mapp,180,243,9,9,Color.WHITE
mapp,171,225,9,9,Color.WHITE
mapp,171,198,9,9,Color.WHITE
mapp,144,225,9,9,Color.WHITE
mapp,153,225,9,9,Color.WHITE
mapp,153,162,9,9,Color.WHITE
mapp,90,207,9,9,Color.WHITE
mapp,81,189,9,9,Color.WHITE
mapp,99,279,9,9,Color.WHITE
mapp,90,261,9,9,Color.WHITE
mapp,108,243,9,9,Color.WHITE
mapp,144,180,9,9,Color.WHITE
mapp,126,162,9,9,Color.WHITE
mapp,99,162,9,9,Color.WHITE
mapp,108,189,9,9,Color.WHITE
mapp,99,189,9,9,Color.WHITE
mapp,126,216,9,9,Color.WHITE
mapp,135,198,9,9,Color.WHITE
mapp,81,270,9,9,Color.WHITE
mapp,108,216,9,9,Color.WHITE
mapp,117,216,9,9,Color.WHITE
mapp2,495,135,9,9,Color.YELLOW
mapp2,498,138,3,3,Color.BLACK
mapp2,252,234,9,9,Color.YELLOW
mapp2,255,237,3,3,Color.BLACK
mapp2,549,306,9,9,Color.YELLOW
mapp2,552,309,3,3,Color.BLACK
mapp2,576,252,9,9,Color.YELLOW
mapp2,579,255,3,3,Color.BLACK
mapp2,603,279,9,9,Color.YELLOW
mapp2,606,282,3,3,Color.BLACK
mapp2,432,423,9,9,Color.YELLOW
mapp2,435,426,3,3,Color.BLACK
mapp2,162,279,9,9,Color.YELLOW
mapp2,165,282,3,3,Color.BLACK
mapp2,279,360,9,9,Color.PINK
mapp2,282,363,3,3,Color.BLACK
mapp2,252,108,9,9,Color.PINK
mapp2,255,111,3,3,Color.BLACK
mapp2,153,279,9,9,Color.PINK
mapp2,156,282,3,3,Color.BLACK
mapp2,324,63,9,9,Color.PINK
mapp2,327,66,3,3,Color.BLACK
mapp2,747,162,9,9,Color.PINK
mapp2,750,165,3,3,Color.BLACK
mapp2,459,459,9,9,Color.ORANGE
mapp2,462,462,3,3,Color.BLACK
mapp2,279,72,9,9,Color.ORANGE
mapp2,282,75,3,3,Color.BLACK
mapp2,613,108,9,9,Color.ORANGE
mapp2,616,111,3,3,Color.BLACK
mapp2,126,72,9,9,Color.ORANGE
mapp2,129,75,3,3,Color.BLACK
mapp2,693,459,9,9,Color.ORANGE
mapp2,696,462,3,3,Color.BLACK
mapp2,45,27,9,9,Color.CYAN
mapp2,48,30,3,3,Color.BLACK
mapp2,36,9,9,9,Color.CYAN
mapp2,39,12,3,3,Color.BLACK
mapp2,9,72,9,9,Color.CYAN
mapp2,12,75,3,3,Color.BLACK
mapp2,90,9,9,9,Color.CYAN
mapp2,93,12,3,3,Color.BLACK
mapp2,108,72,9,9,Color.CYAN
mapp2,111,75,3,3,Color.BLACK
mapp2,522,126,9,9,Color.YELLOW
mapp2,288,315,9,9,Color.YELLOW
mapp2,378,117,9,9,Color.YELLOW
mapp2,369,369,9,9,Color.YELLOW
mapp2,459,306,9,9,Color.YELLOW
mapp2,27,144,9,9,Color.YELLOW
mapp2,414,27,9,9,Color.YELLOW
mapp2,522,126,9,9,Color.YELLOW
mapp2,414,306,9,9,Color.YELLOW
mapp2,315,171,9,9,Color.YELLOW
mapp2,369,369,9,9,Color.YELLOW
mapp2,234,234,9,9,Color.YELLOW
mapp2,27,144,9,9,Color.YELLOW
mapp2,414,27,9,9,Color.YELLOW
mapp2,522,126,9,9,Color.YELLOW
mapp2,288,315,9,9,Color.YELLOW
mapp2,468,234,9,9,Color.YELLOW
mapp2,369,369,9,9,Color.YELLOW
mapp2,198,153,9,9,Color.YELLOW
mapp2,27,144,9,9,Color.YELLOW
mapp2,414,27,9,9,Color.YELLOW
mapp2,612,315,9,9,Color.PINK
mapp2,576,441,9,9,Color.PINK
mapp2,567,81,9,9,Color.PINK
mapp2,45,234,9,9,Color.PINK
mapp2,99,198,9,9,Color.PINK
mapp2,288,9,9,9,Color.PINK
mapp2,414,414,9,9,Color.PINK
mapp2,198,135,9,9,Color.ORANGE
mapp2,648,243,9,9,Color.ORANGE
mapp2,72,324,9,9,Color.ORANGE
mapp2,153,297,9,9,Color.ORANGE
mapp2,693,189,9,9,Color.ORANGE
mapp2,297,63,9,9,Color.CYAN
mapp2,450,432,9,9,Color.CYAN
mapp2,774,441,9,9,Color.CYAN
mapp2,729,144,9,9,Color.CYAN
mapp2,756,45,9,9,Color.CYAN
mapp2,747,90,9,9,Color.CYAN
mapp2,522,198,9,9,Color.DARK_GRAY
mapp2,531,198,9,9,Color.DARK_GRAY
mapp2,513,207,9,9,Color.DARK_GRAY
mapp2,513,216,9,9,Color.DARK_GRAY
mapp2,513,225,9,9,Color.DARK_GRAY
mapp2,513,234,9,9,Color.DARK_GRAY
mapp2,513,243,9,9,Color.DARK_GRAY
mapp2,513,252,9,9,Color.DARK_GRAY
mapp2,513,261,9,9,Color.DARK_GRAY
mapp2,513,270,9,9,Color.DARK_GRAY
mapp2,513,279,9,9,Color.DARK_GRAY
mapp2,513,288,9,9,Color.DARK_GRAY
mapp2,513,297,9,9,Color.DARK_GRAY
mapp2,513,306,9,9,Color.DARK_GRAY
mapp2,513,315,9,9,Color.DARK_GRAY
mapp2,513,324,9,9,Color.DARK_GRAY
mapp2,504,324,9,9,Color.DARK_GRAY
mapp2,495,324,9,9,Color.DARK_GRAY
mapp2,486,324,9,9,Color.DARK_GRAY
mapp2,477,324,9,9,Color.DARK_GRAY
mapp2,468,324,9,9,Color.DARK_GRAY
mapp2,459,324,9,9,Color.DARK_GRAY
mapp2,450,324,9,9,Color.DARK_GRAY
mapp2,441,324,9,9,Color.DARK_GRAY
mapp2,432,324,9,9,Color.DARK_GRAY
mapp2,378,333,9,9,Color.DARK_GRAY
mapp2,369,333,9,9,Color.DARK_GRAY
mapp2,360,333,9,9,Color.DARK_GRAY
mapp2,351,333,9,9,Color.DARK_GRAY
mapp2,342,333,9,9,Color.DARK_GRAY
mapp2,333,216,9,9,Color.DARK_GRAY
mapp2,333,225,9,9,Color.DARK_GRAY
mapp2,369,135,9,9,Color.DARK_GRAY
mapp2,369,144,9,9,Color.DARK_GRAY
mapp2,369,153,9,9,Color.DARK_GRAY
mapp2,432,90,9,9,Color.DARK_GRAY
mapp2,531,144,9,9,Color.DARK_GRAY
mapp2,531,153,9,9,Color.DARK_GRAY
mapp2,531,162,9,9,Color.DARK_GRAY
mapp2,531,171,9,9,Color.DARK_GRAY
mapp2,531,180,9,9,Color.DARK_GRAY
mapp2,531,189,9,9,Color.DARK_GRAY
mapp2,351,117,9,9,Color.DARK_GRAY
mapp2,351,72,9,9,Color.DARK_GRAY
mapp2,351,63,9,9,Color.DARK_GRAY
mapp2,468,72,9,9,Color.DARK_GRAY
mapp2,585,99,9,9,Color.DARK_GRAY
mapp2,585,108,9,9,Color.DARK_GRAY
mapp2,585,117,9,9,Color.DARK_GRAY
mapp2,594,126,9,9,Color.DARK_GRAY
mapp2,603,126,9,9,Color.DARK_GRAY
mapp2,657,171,9,9,Color.DARK_GRAY
mapp2,540,333,9,9,Color.DARK_GRAY
mapp2,432,360,9,9,Color.DARK_GRAY
mapp2,288,135,9,9,Color.DARK_GRAY
mapp2,279,135,9,9,Color.DARK_GRAY
menuBlocks,275,400,250,50,Color.WHITE
menuBlocks,275,450,250,50,Color.WHITE
menuBlocks,288,423,9,54,Color.BLACK
menuBlocks,297,423,27,9,Color.BLACK
menuBlocks,315,432,9,27,Color.BLACK
menuBlocks,297,450,18,9,Color.BLACK
menuBlocks,351,423,9,54,Color.BLACK
menuBlocks,360,468,27,9,Color.BLACK
menuBlocks,414,423,9,54,Color.BLACK
menuBlocks,423,423,27,9,Color.BLACK
menuBlocks,441,432,9,45,Color.BLACK
menuBlocks,423,450,18,9,Color.BLACK
menuBlocks,477,423,9,27,Color.BLACK
menuBlocks,504,423,9,27,Color.BLACK
menuBlocks,486,450,18,9,Color.BLACK
menuBlocks,490,455,10,20,Color.BLACK
menuBlocks,485,445,20,5,Color.BLACK
menuBlocks,485,440,5,5,Color.BLACK
menuBlocks,500,440,5,5,Color.BLACK
menuBlocks,480,450,10,5,Color.BLACK
menuBlocks,500,450,10,5,Color.BLACK
menuBlocks,50,50,700,50,Color.WHITE
menuBlocks,50,100,700,50,Color.WHITE
menuBlocks,50,150,700,50,Color.WHITE
menuBlocks,50,200,700,50,Color.WHITE
menuBlocks,63,63,9,171,Color.BLACK
menuBlocks,72,225,81,9,Color.BLACK
menuBlocks,72,63,90,9,Color.BLACK
menuBlocks,72,144,36,9,Color.BLACK
menuBlocks,72,72,81,9,Color.GRAY
menuBlocks,72,81,9,63,Color.GRAY
menuBlocks,72,153,36,9,Color.GRAY
menuBlocks,72,162,9,63,Color.GRAY
menuBlocks,63,234,90,9,Color.GRAY
menuBlocks,108,144,9,18,Color.GRAY
menuBlocks,153,63,9,18,Color.GRAY
menuBlocks,153,225,9,18,Color.GRAY
menuBlocks,225,63,9,36,Color.BLACK
menuBlocks,225,198,9,36,Color.BLACK
menuBlocks,171,198,9,36,Color.BLACK
menuBlocks,189,126,9,18,Color.BLACK
menuBlocks,171,63,9,36,Color.BLACK
menuBlocks,207,153,9,18,Color.BLACK
menuBlocks,207,126,9,18,Color.BLACK
menuBlocks,189,153,9,18,Color.BLACK
menuBlocks,180,90,9,45,Color.BLACK
menuBlocks,216,90,9,45,Color.BLACK
menuBlocks,180,162,9,45,Color.BLACK
menuBlocks,216,162,9,45,Color.BLACK
menuBlocks,198,135,9,27,Color.BLACK
menuBlocks,171,234,9,9,Color.GRAY
menuBlocks,225,234,9,9,Color.GRAY
menuBlocks,180,207,9,9,Color.GRAY
menuBlocks,189,171,9,36,Color.GRAY
menuBlocks,216,135,9,9,Color.GRAY
menuBlocks,207,144,9,9,Color.GRAY
menuBlocks,225,99,9,9,Color.GRAY
menuBlocks,198,162,9,9,Color.GRAY
menuBlocks,234,72,9,27,Color.GRAY
menuBlocks,225,108,9,27,Color.GRAY
menuBlocks,180,72,9,18,Color.GRAY
menuBlocks,189,90,9,36,Color.GRAY
menuBlocks,180,216,9,27,Color.GRAY
menuBlocks,180,63,9,9,Color.GRAY
menuBlocks,234,63,9,9,Color.GRAY
menuBlocks,216,153,9,9,Color.GRAY
menuBlocks,225,162,9,36,Color.GRAY
menuBlocks,234,198,9,45,Color.GRAY
menuBlocks,315,63,9,81,Color.BLACK
menuBlocks,252,135,63,9,Color.BLACK
menuBlocks,252,63,9,72,Color.BLACK
menuBlocks,261,63,54,9,Color.BLACK
menuBlocks,252,144,9,90,Color.BLACK
menuBlocks,261,72,54,9,Color.GRAY
menuBlocks,261,81,9,54,Color.GRAY
menuBlocks,270,144,54,9,Color.GRAY
menuBlocks,261,144,9,90,Color.GRAY
menuBlocks,324,63,9,90,Color.GRAY
menuBlocks,252,234,18,9,Color.GRAY
menuBlocks,342,63,9,171,Color.BLACK
menuBlocks,351,225,90,9,Color.BLACK
menuBlocks,351,63,9,162,Color.GRAY
menuBlocks,342,234,99,9,Color.GRAY
menuBlocks,441,225,9,18,Color.GRAY
menuBlocks,468,225,9,9,Color.BLACK
menuBlocks,459,72,9,153,Color.BLACK
menuBlocks,468,63,63,9,Color.BLACK
menuBlocks,531,72,9,153,Color.BLACK
menuBlocks,477,225,54,9,Color.BLACK
menuBlocks,531,63,9,9,Color.GRAY
menuBlocks,468,72,63,9,Color.GRAY
menuBlocks,468,81,9,144,Color.GRAY
menuBlocks,531,225,9,9,Color.GRAY
menuBlocks,540,72,9,153,Color.GRAY
menuBlocks,468,234,63,9,Color.GRAY
menuBlocks,459,225,9,9,Color.GRAY
menuBlocks,558,72,9,162,Color.BLACK
menuBlocks,558,63,63,9,Color.BLACK
menuBlocks,621,72,9,72,Color.BLACK
menuBlocks,567,135,54,9,Color.BLACK
menuBlocks,621,63,9,9,Color.BLACK
menuBlocks,585,153,9,9,Color.BLACK
menuBlocks,594,162,9,18,Color.BLACK
menuBlocks,594,171,9,9,Color.BLACK
menuBlocks,585,144,9,9,Color.BLACK
menuBlocks,603,180,9,18,Color.BLACK
menuBlocks,603,189,9,9,Color.BLACK
menuBlocks,612,198,9,18,Color.BLACK
menuBlocks,612,207,9,9,Color.BLACK
menuBlocks,621,216,9,18,Color.BLACK
menuBlocks,621,225,9,9,Color.BLACK
menuBlocks,567,144,9,90,Color.GRAY
menuBlocks,558,234,9,9,Color.GRAY
menuBlocks,576,144,9,9,Color.GRAY
menuBlocks,594,144,36,9,Color.GRAY
menuBlocks,630,63,9,90,Color.GRAY
menuBlocks,567,72,9,54,Color.GRAY
menuBlocks,567,81,9,54,Color.GRAY
menuBlocks,594,153,9,9,Color.GRAY
menuBlocks,603,162,9,18,Color.GRAY
menuBlocks,612,180,9,18,Color.GRAY
menuBlocks,621,198,9,18,Color.GRAY
menuBlocks,630,216,9,27,Color.GRAY
menuBlocks,621,234,9,9,Color.GRAY
menuBlocks,567,234,9,9,Color.GRAY
menuBlocks,585,162,9,9,Color.GRAY
menuBlocks,594,180,9,9,Color.GRAY
menuBlocks,603,198,9,9,Color.GRAY
menuBlocks,612,216,9,9,Color.GRAY
menuBlocks,648,63,90,9,Color.BLACK
menuBlocks,648,72,9,162,Color.BLACK
menuBlocks,657,225,81,9,Color.BLACK
menuBlocks,657,144,36,9,Color.BLACK
menuBlocks,657,72,81,9,Color.GRAY
menuBlocks,657,81,9,63,Color.GRAY
menuBlocks,666,153,27,9,Color.GRAY
menuBlocks,657,153,9,72,Color.GRAY
menuBlocks,648,234,99,9,Color.GRAY
menuBlocks,738,63,9,18,Color.GRAY
menuBlocks,693,144,9,9,Color.GRAY
menuBlocks,693,153,9,9,Color.GRAY
menuBlocks,738,225,9,18,Color.GRAY
pausedBlocks,200,150,400,100,Color.WHITE
pausedBlocks,216,162,27,9,Color.BLACK
pausedBlocks,207,171,9,54,Color.BLACK
pausedBlocks,216,225,27,9,Color.BLACK
pausedBlocks,243,171,9,54,Color.BLACK
pausedBlocks,270,162,9,72,Color.BLACK
pausedBlocks,279,162,36,9,Color.BLACK
pausedBlocks,306,171,9,36,Color.BLACK
pausedBlocks,279,198,27,9,Color.BLACK
pausedBlocks,324,162,45,9,Color.BLACK
pausedBlocks,342,171,9,63,Color.BLACK
pausedBlocks,378,162,45,9,Color.BLACK
pausedBlocks,396,171,9,54,Color.BLACK
pausedBlocks,378,225,45,9,Color.BLACK
pausedBlocks,441,162,27,9,Color.BLACK
pausedBlocks,432,171,9,54,Color.BLACK
pausedBlocks,441,225,27,9,Color.BLACK
pausedBlocks,468,171,9,54,Color.BLACK
pausedBlocks,495,162,9,72,Color.BLACK
pausedBlocks,504,171,9,18,Color.BLACK
pausedBlocks,513,189,9,18,Color.BLACK
pausedBlocks,522,207,9,18,Color.BLACK
pausedBlocks,531,162,9,72,Color.BLACK
pausedBlocks,558,162,36,9,Color.BLACK
pausedBlocks,549,171,9,18,Color.BLACK
pausedBlocks,558,189,18,9,Color.BLACK
pausedBlocks,567,198,18,9,Color.BLACK
pausedBlocks,585,207,9,18,Color.BLACK
pausedBlocks,549,225,36,9,Color.BLACK
pausedBlocks,200,350,400,100,Color.WHITE
pausedBlocks,252,360,9,36,Color.BLACK
pausedBlocks,216,360,9,72,Color.BLACK
pausedBlocks,225,360,27,9,Color.BLACK
pausedBlocks,225,387,27,9,Color.BLACK
pausedBlocks,243,396,9,18,Color.BLACK
pausedBlocks,252,414,9,18,Color.BLACK
pausedBlocks,279,360,45,9,Color.BLACK
pausedBlocks,279,369,9,27,Color.BLACK
pausedBlocks,288,387,36,9,Color.BLACK
pausedBlocks,279,396,9,36,Color.BLACK
pausedBlocks,288,423,36,9,Color.BLACK
pausedBlocks,351,360,36,9,Color.BLACK
pausedBlocks,342,369,9,18,Color.BLACK
pausedBlocks,351,387,18,9,Color.BLACK
pausedBlocks,360,396,18,9,Color.BLACK
pausedBlocks,378,405,9,18,Color.BLACK
pausedBlocks,342,423,36,9,Color.BLACK
pausedBlocks,414,360,9,63,Color.BLACK
pausedBlocks,423,423,27,9,Color.BLACK
pausedBlocks,450,360,9,63,Color.BLACK
pausedBlocks,477,369,9,63,Color.BLACK
pausedBlocks,477,360,18,9,Color.BLACK
pausedBlocks,495,369,9,27,Color.BLACK
pausedBlocks,504,360,18,9,Color.BLACK
pausedBlocks,513,369,9,63,Color.BLACK
pausedBlocks,540,360,45,9,Color.BLACK
pausedBlocks,540,369,9,36,Color.BLACK
pausedBlocks,549,387,28,9,Color.BLACK
pausedBlocks,540,405,9,18,Color.BLACK
pausedBlocks,540,423,45,9,Color.BLACK
optionsBlocks,9,513,72,72,Color.WHITE
optionsBlocks,36,522,9,54,Color.BLACK
optionsBlocks,27,531,9,36,Color.BLACK
optionsBlocks,18,540,54,18,Color.BLACK
optionsBlocks,53,53,300,100,Color.WHITE
optionsBlocks,63,63,27,9,Color.BLACK
optionsBlocks,63,72,9,27,Color.BLACK
optionsBlocks,63,99,27,9,Color.BLACK
optionsBlocks,81,108,9,27,Color.BLACK
optionsBlocks,63,135,27,9,Color.BLACK
optionsBlocks,99,63,27,9,Color.BLACK
optionsBlocks,108,72,9,72,Color.BLACK
optionsBlocks,135,63,9,81,Color.BLACK
optionsBlocks,144,63,18,9,Color.BLACK
optionsBlocks,153,72,9,27,Color.BLACK
optionsBlocks,144,90,18,9,Color.BLACK
optionsBlocks,144,99,9,18,Color.BLACK
optionsBlocks,153,117,9,27,Color.BLACK
optionsBlocks,150,110,5,15,Color.BLACK
optionsBlocks,171,63,9,81,Color.BLACK
optionsBlocks,189,63,9,81,Color.BLACK
optionsBlocks,180,63,9,9,Color.BLACK
optionsBlocks,180,135,9,9,Color.BLACK
optionsBlocks,207,63,9,81,Color.BLACK
optionsBlocks,216,99,9,9,Color.BLACK
optionsBlocks,225,63,9,27,Color.BLACK
optionsBlocks,225,117,9,27,Color.BLACK
optionsBlocks,220,110,5,5,Color.BLACK
optionsBlocks,220,105,5,5,Color.BLACK
optionsBlocks,220,95,5,5,Color.BLACK
optionsBlocks,220,90,5,5,Color.BLACK
optionsBlocks,225,95,5,5,Color.BLACK
optionsBlocks,225,90,5,5,Color.BLACK
optionsBlocks,225,110,5,5,Color.BLACK
optionsBlocks,225,115,5,5,Color.BLACK
optionsBlocks,243,63,9,81,Color.BLACK
optionsBlocks,252,63,18,9,Color.BLACK
optionsBlocks,252,99,18,9,Color.BLACK
optionsBlocks,252,135,18,9,Color.BLACK
optionsBlocks,279,81,9,9,Color.BLACK
optionsBlocks,279,117,9,9,Color.BLACK
optionsBlocks,297,117,9,9,Color.GREEN
optionsBlocks,306,126,9,9,Color.GREEN
optionsBlocks,315,108,9,18,Color.GREEN
optionsBlocks,324,90,9,18,Color.GREEN
optionsBlocks,333,72,9,18,Color.GREEN
optionsBlocks,306,90,9,9,Color.RED
optionsBlocks,315,99,9,9,Color.RED
optionsBlocks,324,90,9,9,Color.RED
optionsBlocks,306,108,9,9,Color.RED
optionsBlocks,324,108,9,9,Color.RED
optionsBlocks,333,117,9,18,Color.RED
optionsBlocks,333,72,9,18,Color.RED
optionsBlocks,297,117,9,18,Color.RED
optionsBlocks,297,72,9,18,Color.RED
optionsBlocks,450,53,300,100,Color.WHITE
optionsBlocks,459,63,9,81,Color.BLACK
optionsBlocks,468,63,18,9,Color.BLACK
optionsBlocks,468,135,18,9,Color.BLACK
optionsBlocks,495,63,9,81,Color.BLACK
optionsBlocks,504,63,9,9,Color.BLACK
optionsBlocks,513,63,9,81,Color.BLACK
optionsBlocks,504,135,9,9,Color.BLACK
optionsBlocks,531,63,9,81,Color.BLACK
optionsBlocks,540,135,18,9,Color.BLACK
optionsBlocks,567,63,9,81,Color.BLACK
optionsBlocks,576,63,9,9,Color.BLACK
optionsBlocks,585,63,9,81,Color.BLACK
optionsBlocks,576,135,9,9,Color.BLACK
optionsBlocks,603,63,9,81,Color.BLACK
optionsBlocks,612,63,18,9,Color.BLACK
optionsBlocks,621,72,9,18,Color.BLACK
optionsBlocks,612,90,18,9,Color.BLACK
optionsBlocks,612,99,9,9,Color.BLACK
optionsBlocks,612,108,9,9,Color.BLACK
optionsBlocks,621,117,9,27,Color.BLACK
optionsBlocks,620,110,5,15,Color.BLACK
optionsBlocks,639,81,9,9,Color.BLACK
optionsBlocks,639,117,9,9,Color.BLACK
optionsBlocks,657,63,18,36,Color.RED
optionsBlocks,684,63,18,36,Color.YELLOW
optionsBlocks,711,63,18,36,Color.GREEN
optionsBlocks,657,108,18,36,Color.BLUE
optionsBlocks,684,108,18,36,Color.MAGENTA
optionsBlocks,711,108,18,36,Color.BLACK
optionsBlocks,50,197,300,100,Color.WHITE
optionsBlocks,63,207,9,81,Color.BLACK
optionsBlocks,72,207,18,9,Color.BLACK
optionsBlocks,72,243,18,9,Color.BLACK
optionsBlocks,72,279,18,9,Color.BLACK
optionsBlocks,99,207,9,81,Color.BLACK
optionsBlocks,117,207,9,81,Color.BLACK
optionsBlocks,105,225,5,30,Color.BLACK
optionsBlocks,110,235,5,30,Color.BLACK
optionsBlocks,115,245,5,30,Color.BLACK
optionsBlocks,144,207,18,9,Color.BLACK
optionsBlocks,144,243,18,9,Color.BLACK
optionsBlocks,144,279,18,9,Color.BLACK
optionsBlocks,135,207,9,81,Color.BLACK
optionsBlocks,171,207,9,81,Color.BLACK
optionsBlocks,198,207,9,81,Color.BLACK
optionsBlocks,180,210,5,15,Color.BLACK
optionsBlocks,195,210,5,15,Color.BLACK
optionsBlocks,185,215,5,15,Color.BLACK
optionsBlocks,190,215,5,15,Color.BLACK
optionsBlocks,216,207,9,27,Color.BLACK
optionsBlocks,234,207,9,27,Color.BLACK
optionsBlocks,225,234,9,54,Color.BLACK
optionsBlocks,234,234,9,9,Color.BLACK
optionsBlocks,216,234,9,9,Color.BLACK
optionsBlocks,235,240,5,10,Color.BLACK
optionsBlocks,230,240,5,10,Color.BLACK
optionsBlocks,220,240,5,10,Color.BLACK
optionsBlocks,252,225,9,9,Color.BLACK
optionsBlocks,252,261,9,9,Color.BLACK
optionsBlocks,270,207,27,36,Color.GREEN
optionsBlocks,306,207,27,36,Color.YELLOW
optionsBlocks,270,252,27,36,Color.RED
optionsBlocks,306,252,27,36,Color.MAGENTA
optionsBlocks,450,197,300,100,Color.WHITE
optionsBlocks,459,207,27,9,Color.BLACK
optionsBlocks,459,216,9,72,Color.BLACK
optionsBlocks,468,279,18,9,Color.BLACK
optionsBlocks,495,207,9,81,Color.BLACK
optionsBlocks,504,279,18,9,Color.BLACK
optionsBlocks,513,207,9,72,Color.BLACK
optionsBlocks,504,207,9,9,Color.BLACK
optionsBlocks,531,207,9,81,Color.BLACK
optionsBlocks,540,279,18,9,Color.BLACK
optionsBlocks,567,207,9,81,Color.BLACK
optionsBlocks,576,279,18,9,Color.BLACK
optionsBlocks,585,207,9,72,Color.BLACK
optionsBlocks,576,207,9,9,Color.BLACK
optionsBlocks,603,207,27,9,Color.BLACK
optionsBlocks,621,216,9,27,Color.BLACK
optionsBlocks,603,234,18,9,Color.BLACK
optionsBlocks,603,216,9,72,Color.BLACK
optionsBlocks,621,261,9,27,Color.BLACK
optionsBlocks,612,243,9,18,Color.BLACK
optionsBlocks,620,255,5,15,Color.BLACK
optionsBlocks,639,207,27,9,Color.BLACK
optionsBlocks,639,216,9,27,Color.BLACK
optionsBlocks,639,243,27,9,Color.BLACK
optionsBlocks,657,252,9,36,Color.BLACK
optionsBlocks,639,279,18,9,Color.BLACK
optionsBlocks,675,225,9,9,Color.BLACK
optionsBlocks,675,261,9,9,Color.BLACK
optionsBlocks,693,261,9,9,Color.GREEN
optionsBlocks,702,270,9,9,Color.GREEN
optionsBlocks,711,252,9,18,Color.GREEN
optionsBlocks,720,234,9,18,Color.GREEN
optionsBlocks,729,216,9,18,Color.GREEN
optionsBlocks,693,216,9,18,Color.RED
optionsBlocks,693,261,9,18,Color.RED
optionsBlocks,702,234,9,9,Color.RED
optionsBlocks,711,243,9,9,Color.RED
optionsBlocks,702,252,9,9,Color.RED
optionsBlocks,720,234,9,9,Color.RED
optionsBlocks,720,252,9,9,Color.RED
optionsBlocks,729,261,9,18,Color.RED
optionsBlocks,729,216,9,18,Color.RED
optionsBlocks,50,350,375,100,Color.WHITE
optionsBlocks,72,360,18,9,Color.BLACK
optionsBlocks,63,360,9,81,Color.BLACK
optionsBlocks,72,396,18,9,Color.BLACK
optionsBlocks,99,360,9,81,Color.BLACK
optionsBlocks,108,432,18,9,Color.BLACK
optionsBlocks,135,369,9,72,Color.BLACK
optionsBlocks,144,360,9,9,Color.BLACK
optionsBlocks,153,369,9,72,Color.BLACK
optionsBlocks,144,396,9,9,Color.BLACK
optionsBlocks,171,360,27,9,Color.BLACK
optionsBlocks,171,369,9,36,Color.BLACK
optionsBlocks,180,396,18,9,Color.BLACK
optionsBlocks,189,405,9,36,Color.BLACK
optionsBlocks,171,432,18,9,Color.BLACK
optionsBlocks,207,360,9,81,Color.BLACK
optionsBlocks,216,396,9,9,Color.BLACK
optionsBlocks,225,360,9,81,Color.BLACK
optionsBlocks,243,360,27,9,Color.BLACK
optionsBlocks,252,369,9,63,Color.BLACK
optionsBlocks,243,432,27,9,Color.BLACK
optionsBlocks,279,360,9,81,Color.BLACK
optionsBlocks,285,380,5,25,Color.BLACK
optionsBlocks,290,390,5,25,Color.BLACK
optionsBlocks,295,400,5,25,Color.BLACK
optionsBlocks,297,360,9,81,Color.BLACK
optionsBlocks,315,360,27,9,Color.BLACK
optionsBlocks,315,369,9,72,Color.BLACK
optionsBlocks,324,432,18,9,Color.BLACK
optionsBlocks,333,396,9,36,Color.BLACK
optionsBlocks,330,395,15,10,Color.BLACK
optionsBlocks,351,378,9,9,Color.BLACK
optionsBlocks,351,414,9,9,Color.BLACK
optionsBlocks,369,414,9,9,Color.GREEN
optionsBlocks,378,423,9,9,Color.GREEN
optionsBlocks,387,405,9,18,Color.GREEN
optionsBlocks,396,387,9,18,Color.GREEN
optionsBlocks,405,369,9,18,Color.GREEN
optionsBlocks,369,414,9,18,Color.RED
optionsBlocks,369,369,9,18,Color.RED
optionsBlocks,378,387,9,9,Color.RED
optionsBlocks,378,405,9,9,Color.RED
optionsBlocks,387,396,9,9,Color.RED
optionsBlocks,396,387,9,9,Color.RED
optionsBlocks,396,405,9,9,Color.RED
optionsBlocks,405,414,9,18,Color.RED
optionsBlocks,405,369,9,18,Color.RED
